,Neuron,Target,Number of Connections,Neurotransmitter
0,ADAL,AIBL,1.0,exc
1,ADAL,AIBR,2.0,exc
2,ADAL,AVAR,2.0,exc
3,ADAL,AVBL,4.0,exc
4,ADAL,AVBR,7.0,exc
5,ADAL,AVDL,1.0,exc
6,ADAL,AVEL,1.0,exc
7,ADAL,AVJR,5.0,exc
8,ADAL,FLPR,1.0,exc
9,ADAL,RICL,1.0,exc
10,ADAL,RICR,1.0,exc
11,ADAL,RIML,3.0,exc
12,ADAL,RIPL,1.0,exc
13,ADAL,SMDVR,2.0,exc
14,ADAR,AIBL,1.0,exc
15,ADAR,AIBR,1.0,exc
16,ADAR,AVAL,1.0,exc
17,ADAR,AVBL,1.0,exc
18,ADAR,AVBR,5.0,exc
19,ADAR,AVEL,1.0,exc
20,ADAR,AVJL,3.0,exc
21,ADAR,RICL,1.0,exc
22,ADAR,RIMR,5.0,exc
23,ADAR,RIPR,1.0,exc
24,ADAR,RIVR,1.0,exc
25,ADAR,SMDVL,2.0,exc
26,ADEL,ADAL,1.0,exc
27,ADEL,ADER,1.0,exc
28,ADEL,AVAL,2.0,exc
29,ADEL,AVAR,3.0,exc
30,ADEL,AVEL,1.0,exc
31,ADEL,AVL,1.0,exc
32,ADEL,BDUL,1.0,exc
33,ADEL,CEPDL,1.0,exc
34,ADEL,FLPL,1.0,exc
35,ADEL,IL1L,1.0,exc
36,ADEL,IL2L,1.0,exc
37,ADEL,OLLL,1.0,exc
38,ADEL,RIAL,1.0,exc
39,ADEL,RIFL,1.0,exc
40,ADEL,RIGL,5.0,exc
41,ADEL,RIGR,3.0,exc
42,ADEL,RIH,2.0,exc
43,ADEL,RIVL,1.0,exc
44,ADEL,RIVR,1.0,exc
45,ADEL,RMDL,2.0,exc
46,ADEL,RMGL,1.0,exc
47,ADEL,RMHL,1.0,exc
48,ADEL,SIADR,1.0,exc
49,ADEL,SIBDR,1.0,exc
50,ADEL,SMBDR,1.0,exc
51,ADEL,URBL,1.0,exc
52,ADER,ADAR,1.0,exc
53,ADER,ADEL,2.0,exc
54,ADER,ALA,1.0,exc
55,ADER,AVAL,5.0,exc
56,ADER,AVAR,1.0,exc
57,ADER,AVDR,2.0,exc
58,ADER,AVER,1.0,exc
59,ADER,AVJR,1.0,exc
60,ADER,AVKL,1.0,exc
61,ADER,AVKR,1.0,exc
62,ADER,CEPDR,1.0,exc
63,ADER,FLPL,1.0,exc
64,ADER,FLPR,1.0,exc
65,ADER,OLLR,2.0,exc
66,ADER,PVR,1.0,exc
67,ADER,RIGL,7.0,exc
68,ADER,RIGR,4.0,exc
69,ADER,RIH,1.0,exc
70,ADER,RMDR,2.0,exc
71,ADER,SAAVR,1.0,exc
72,ADFL,ADAL,1.0,exc
73,ADFL,AIZL,12.0,exc
74,ADFL,AUAL,5.0,exc
75,ADFL,OLQVL,1.0,exc
76,ADFL,RIAL,15.0,exc
77,ADFL,RIGL,1.0,exc
78,ADFL,RIR,2.0,exc
79,ADFL,SMBVL,2.0,exc
80,ADFR,ADAR,1.0,exc
81,ADFR,AIYR,1.0,exc
82,ADFR,AIZR,8.0,exc
83,ADFR,ASHR,1.0,exc
84,ADFR,AUAR,4.0,exc
85,ADFR,AWBR,1.0,exc
86,ADFR,PVPR,1.0,exc
87,ADFR,RIAR,16.0,exc
88,ADFR,RIGR,3.0,exc
89,ADFR,RIR,3.0,exc
90,ADFR,SMBDR,1.0,exc
91,ADFR,SMBVR,2.0,exc
92,ADFR,URXR,1.0,exc
93,ADLL,AIAL,6.0,exc
94,ADLL,AIBL,7.0,exc
95,ADLL,AIBR,1.0,exc
96,ADLL,ALA,2.0,exc
97,ADLL,ASER,3.0,exc
98,ADLL,ASHL,2.0,exc
99,ADLL,AVAL,2.0,exc
100,ADLL,AVAR,3.0,exc
101,ADLL,AVBL,2.0,exc
102,ADLL,AVDL,1.0,exc
103,ADLL,AVDR,4.0,exc
104,ADLL,AVJL,1.0,exc
105,ADLL,AVJR,3.0,exc
106,ADLL,AWBL,2.0,exc
107,ADLL,OLQVL,1.0,exc
108,ADLL,RIPL,1.0,exc
109,ADLR,AIAR,10.0,exc
110,ADLR,AIBR,10.0,exc
111,ADLR,ASER,1.0,exc
112,ADLR,ASHR,3.0,exc
113,ADLR,AVAR,2.0,exc
114,ADLR,AVBL,1.0,exc
115,ADLR,AVBR,2.0,exc
116,ADLR,AVDL,5.0,exc
117,ADLR,AVDR,2.0,exc
118,ADLR,AVJR,1.0,exc
119,ADLR,AWCR,3.0,exc
120,ADLR,OLLR,1.0,exc
121,ADLR,PVCL,1.0,exc
122,ADLR,RICL,1.0,exc
123,ADLR,RICR,1.0,exc
124,AFDL,AINR,1.0,exc
125,AFDL,AIYL,7.0,exc
126,AFDR,AIYR,13.0,exc
127,AFDR,ASER,1.0,exc
128,AIAL,ADAL,1.0,exc
129,AIAL,AIBL,10.0,exc
130,AIAL,AIML,2.0,exc
131,AIAL,AIZL,1.0,exc
132,AIAL,ASER,3.0,exc
133,AIAL,ASGL,1.0,exc
134,AIAL,ASHL,1.0,exc
135,AIAL,ASKL,3.0,exc
136,AIAL,AWCR,1.0,exc
137,AIAL,HSNL,1.0,exc
138,AIAL,RIFL,1.0,exc
139,AIAL,RMGL,1.0,exc
140,AIAR,ADAR,1.0,exc
141,AIAR,ADLR,2.0,exc
142,AIAR,AIBR,14.0,exc
143,AIAR,AIZR,1.0,exc
144,AIAR,ASER,1.0,exc
145,AIAR,ASGR,1.0,exc
146,AIAR,AWAR,1.0,exc
147,AIAR,AWCL,1.0,exc
148,AIAR,AWCR,3.0,exc
149,AIAR,RIFR,2.0,exc
150,AIBL,AIYL,1.0,exc
151,AIBL,ASER,1.0,exc
152,AIBL,AVAL,2.0,exc
153,AIBL,AVBL,5.0,exc
154,AIBL,FLPL,1.0,exc
155,AIBL,RIBR,4.0,exc
156,AIBL,RIFL,1.0,exc
157,AIBL,RIGR,1.0,exc
158,AIBL,RIML,2.0,exc
159,AIBL,RIMR,13.0,exc
160,AIBL,SAADL,2.0,exc
161,AIBL,SAADR,2.0,exc
162,AIBL,SMDDR,4.0,exc
163,AIBR,AVAR,1.0,exc
164,AIBR,AVBR,3.0,exc
165,AIBR,AVEL,1.0,exc
166,AIBR,RIAL,1.0,exc
167,AIBR,RIBL,4.0,exc
168,AIBR,RIML,16.0,exc
169,AIBR,RIMR,1.0,exc
170,AIBR,SAADL,1.0,exc
171,AIBR,SMDDL,3.0,exc
172,AIBR,SMDVL,1.0,exc
173,AIBR,VB1,3.0,exc
174,AIML,AIAL,5.0,exc
175,AIML,ALML,1.0,exc
176,AIML,ASGL,2.0,exc
177,AIML,ASKL,2.0,exc
178,AIML,AVBR,2.0,exc
179,AIML,AVDL,1.0,exc
180,AIML,AVDR,1.0,exc
181,AIML,AVER,1.0,exc
182,AIML,AVFL,4.0,exc
183,AIML,AVFR,1.0,exc
184,AIML,AVHL,2.0,exc
185,AIML,AVHR,1.0,exc
186,AIML,AVJL,1.0,exc
187,AIML,PVQL,1.0,exc
188,AIML,RIFL,1.0,exc
189,AIML,SMBVL,1.0,exc
190,AIMR,AIAR,5.0,exc
191,AIMR,ASGR,2.0,exc
192,AIMR,ASJR,2.0,exc
193,AIMR,ASKR,3.0,exc
194,AIMR,AVDR,1.0,exc
195,AIMR,AVFL,1.0,exc
196,AIMR,AVFR,1.0,exc
197,AIMR,HSNL,1.0,exc
198,AIMR,HSNR,2.0,exc
199,AIMR,OLQDR,1.0,exc
200,AIMR,PVNR,1.0,exc
201,AIMR,RIFR,1.0,exc
202,AIMR,RMGR,1.0,exc
203,AINL,AFDR,5.0,exc
204,AINL,ASEL,3.0,exc
205,AINL,ASGR,1.0,exc
206,AINL,AUAR,1.0,exc
207,AINL,BAGL,3.0,exc
208,AINL,RIBL,1.0,exc
209,AINL,RIBR,2.0,exc
210,AINR,AFDL,4.0,exc
211,AINR,AFDR,1.0,exc
212,AINR,AIAL,2.0,exc
213,AINR,AIBL,2.0,exc
214,AINR,ASEL,1.0,exc
215,AINR,ASER,1.0,exc
216,AINR,AUAR,1.0,exc
217,AINR,BAGR,3.0,exc
218,AINR,RIBL,2.0,exc
219,AINR,RID,1.0,exc
220,AIYL,AIZL,13.0,exc
221,AIYL,AWAL,3.0,exc
222,AIYL,AWCL,1.0,exc
223,AIYL,AWCR,1.0,exc
224,AIYL,HSNR,1.0,exc
225,AIYL,RIAL,7.0,exc
226,AIYL,RIBL,4.0,exc
227,AIYR,ADFR,1.0,exc
228,AIYR,AIZR,8.0,exc
229,AIYR,AWAR,1.0,exc
230,AIYR,HSNL,1.0,exc
231,AIYR,RIAR,6.0,exc
232,AIYR,RIBR,2.0,exc
233,AIZL,AIAL,3.0,exc
234,AIZL,AIBL,2.0,exc
235,AIZL,AIBR,8.0,exc
236,AIZL,ASEL,1.0,exc
237,AIZL,AVER,5.0,exc
238,AIZL,DVA,1.0,exc
239,AIZL,RIAL,8.0,exc
240,AIZL,RIGL,1.0,exc
241,AIZL,RIML,4.0,exc
242,AIZL,SMBDL,9.0,exc
243,AIZL,SMBVL,7.0,exc
244,AIZL,VB2,1.0,exc
245,AIZR,AIAR,1.0,exc
246,AIZR,AIBL,8.0,exc
247,AIZR,AIBR,1.0,exc
248,AIZR,AVEL,4.0,exc
249,AIZR,AVER,1.0,exc
250,AIZR,DVA,1.0,exc
251,AIZR,RIAR,7.0,exc
252,AIZR,RIMR,4.0,exc
253,AIZR,SMBDR,5.0,exc
254,AIZR,SMBVR,3.0,exc
255,AIZR,SMDDR,1.0,exc
256,ALA,ADEL,1.0,exc
257,ALA,AVAL,1.0,exc
258,ALA,AVEL,2.0,exc
259,ALA,AVER,1.0,exc
260,ALA,RMDR,1.0,exc
261,ALML,AVDR,1.0,exc
262,ALML,AVEL,1.0,exc
263,ALML,BDUL,6.0,exc
264,ALML,CEPDL,3.0,exc
265,ALML,CEPVL,2.0,exc
266,ALML,PVCL,2.0,exc
267,ALML,PVCR,1.0,exc
268,ALML,RMDDR,1.0,exc
269,ALML,RMGL,1.0,exc
270,ALML,SDQL,1.0,exc
271,ALMR,BDUR,5.0,exc
272,ALMR,CEPDR,1.0,exc
273,ALMR,CEPVR,1.0,exc
274,ALMR,PVCR,3.0,exc
275,ALMR,RMDDL,1.0,exc
276,ALMR,SIADL,1.0,exc
277,ALNL,SAAVL,3.0,exc
278,ALNL,SMBDR,2.0,exc
279,ALNL,SMDVL,1.0,exc
280,ALNR,ADER,1.0,exc
281,ALNR,RMHR,1.0,exc
282,ALNR,SAAVR,2.0,exc
283,ALNR,SMBDL,2.0,exc
284,ALNR,SMDDR,1.0,exc
285,ALNR,SMDVL,1.0,exc
286,AQR,AVAL,1.0,exc
287,AQR,AVAR,3.0,exc
288,AQR,AVBL,3.0,exc
289,AQR,AVBR,4.0,exc
290,AQR,AVDL,1.0,exc
291,AQR,AVDR,1.0,exc
292,AQR,AVJL,1.0,exc
293,AQR,BAGL,2.0,exc
294,AQR,BAGR,2.0,exc
295,AQR,PVCR,2.0,exc
296,AQR,PVPL,1.0,exc
297,AQR,RIAL,3.0,exc
298,AQR,RIAR,1.0,exc
299,AQR,URXL,1.0,exc
300,AS1,DA1,2.0,exc
301,AS1,VD1,5.0,exc
302,AS11,PDA,1.0,exc
303,AS11,PDB,1.0,exc
304,AS11,VD13,2.0,exc
305,AS2,DB1,1.0,exc
306,AS2,DD1,1.0,exc
307,AS2,VD2,10.0,exc
308,AS3,DA3,1.0,exc
309,AS3,DD1,1.0,exc
310,AS3,VD2,1.0,exc
311,AS3,VD3,15.0,exc
312,AS4,AS5,1.0,exc
313,AS4,VD4,11.0,exc
314,AS5,DD2,1.0,exc
315,AS5,VD5,9.0,exc
316,AS6,VD6,13.0,exc
317,AS9,AVAR,1.0,exc
318,ASEL,ADFR,1.0,exc
319,ASEL,AIAL,3.0,exc
320,ASEL,AIBL,7.0,exc
321,ASEL,AIBR,2.0,exc
322,ASEL,AIYL,13.0,exc
323,ASEL,AIYR,6.0,exc
324,ASEL,AWCL,4.0,exc
325,ASEL,AWCR,1.0,exc
326,ASEL,RIAR,1.0,exc
327,ASER,AFDL,1.0,exc
328,ASER,AFDR,2.0,exc
329,ASER,AIAL,1.0,exc
330,ASER,AIAR,3.0,exc
331,ASER,AIBL,2.0,exc
332,ASER,AIBR,10.0,exc
333,ASER,AIYL,2.0,exc
334,ASER,AIYR,14.0,exc
335,ASER,AWAR,1.0,exc
336,ASER,AWCL,1.0,exc
337,ASER,AWCR,1.0,exc
338,ASGL,AIAL,9.0,exc
339,ASGL,AIBL,3.0,exc
340,ASGL,AINR,1.0,exc
341,ASGL,ASKL,1.0,exc
342,ASGR,AIAR,10.0,exc
343,ASGR,AIBR,2.0,exc
344,ASGR,AIYR,1.0,exc
345,ASHL,ADAL,1.0,exc
346,ASHL,ADFL,3.0,exc
347,ASHL,AIAL,7.0,exc
348,ASHL,AIBL,5.0,exc
349,ASHL,ASKL,1.0,exc
350,ASHL,AVAL,2.0,exc
351,ASHL,AVBL,6.0,exc
352,ASHL,AVDL,2.0,exc
353,ASHL,AVDR,2.0,exc
354,ASHL,RIAL,4.0,exc
355,ASHL,RIML,1.0,exc
356,ASHL,RIPL,1.0,exc
357,ASHR,ADAR,2.0,exc
358,ASHR,ADFR,2.0,exc
359,ASHR,AIAR,10.0,exc
360,ASHR,AIBR,3.0,exc
361,ASHR,AVAR,5.0,exc
362,ASHR,AVBR,3.0,exc
363,ASHR,AVDL,5.0,exc
364,ASHR,AVDR,1.0,exc
365,ASHR,AVER,3.0,exc
366,ASHR,HSNR,1.0,exc
367,ASHR,PVPR,1.0,exc
368,ASHR,RIAR,2.0,exc
369,ASHR,RMGR,2.0,exc
370,ASIL,AIBL,1.0,exc
371,ASIL,AIYL,2.0,exc
372,ASIL,AIZL,1.0,exc
373,ASIL,ASER,1.0,exc
374,ASIL,ASKL,2.0,exc
375,ASIL,AWCL,1.0,exc
376,ASIL,AWCR,1.0,exc
377,ASIL,RIBL,1.0,exc
378,ASIR,AIAL,1.0,exc
379,ASIR,AIAR,3.0,exc
380,ASIR,AIBR,1.0,exc
381,ASIR,ASEL,2.0,exc
382,ASIR,ASHR,1.0,exc
383,ASIR,AWCL,1.0,exc
384,ASIR,AWCR,1.0,exc
385,ASJL,ASKL,4.0,exc
386,ASJL,HSNL,1.0,exc
387,ASJL,HSNR,1.0,exc
388,ASJL,PVQL,14.0,exc
389,ASJR,ASKR,4.0,exc
390,ASJR,HSNR,1.0,exc
391,ASJR,PVQR,13.0,exc
392,ASKL,AIAL,11.0,exc
393,ASKL,AIBL,2.0,exc
394,ASKL,AIML,2.0,exc
395,ASKR,AIAR,11.0,exc
396,ASKR,AIMR,1.0,exc
397,ASKR,AWAR,1.0,exc
398,ASKR,CEPVR,1.0,exc
399,ASKR,RIFR,1.0,exc
400,AUAL,AVAL,3.0,exc
401,AUAL,AVDR,1.0,exc
402,AUAL,AVEL,3.0,exc
403,AUAL,RIAL,5.0,exc
404,AUAL,RIBL,9.0,exc
405,AUAR,AIYR,1.0,exc
406,AUAR,AVAR,1.0,exc
407,AUAR,AVER,4.0,exc
408,AUAR,RIAR,6.0,exc
409,AUAR,RIBR,13.0,exc
410,AUAR,URXR,1.0,exc
411,AVAL,AS10,2.0,exc
412,AVAL,AS11,4.0,exc
413,AVAL,AS2,1.0,exc
414,AVAL,AS3,1.0,exc
415,AVAL,AS4,1.0,exc
416,AVAL,AS5,3.0,exc
417,AVAL,AS7,8.0,exc
418,AVAL,AS8,5.0,exc
419,AVAL,AS9,8.0,exc
420,AVAL,AVAR,2.0,exc
421,AVAL,AVBR,1.0,exc
422,AVAL,AVDL,1.0,exc
423,AVAL,AVHL,1.0,exc
424,AVAL,DA1,2.0,exc
425,AVAL,DA2,2.0,exc
426,AVAL,DA3,6.0,exc
427,AVAL,DA4,7.0,exc
428,AVAL,DA5,7.0,exc
429,AVAL,DA6,11.0,exc
430,AVAL,DA7,2.0,exc
431,AVAL,DA8,4.0,exc
432,AVAL,DA9,3.0,exc
433,AVAL,DB5,2.0,exc
434,AVAL,DB6,1.0,exc
435,AVAL,LUAL,1.0,exc
436,AVAL,PVCL,10.0,exc
437,AVAL,PVCR,6.0,exc
438,AVAL,VA10,5.0,exc
439,AVAL,VA11,6.0,exc
440,AVAL,VA12,2.0,exc
441,AVAL,VA2,1.0,exc
442,AVAL,VA3,2.0,exc
443,AVAL,VA4,2.0,exc
444,AVAL,VA5,3.0,exc
445,AVAL,VA6,4.0,exc
446,AVAL,VA8,9.0,exc
447,AVAL,VA9,7.0,exc
448,AVAR,ADER,1.0,exc
449,AVAR,AS1,1.0,exc
450,AVAR,AS10,1.0,exc
451,AVAR,AS11,6.0,exc
452,AVAR,AS2,2.0,exc
453,AVAR,AS3,1.0,exc
454,AVAR,AS4,1.0,exc
455,AVAR,AS5,1.0,exc
456,AVAR,AS6,2.0,exc
457,AVAR,AS7,3.0,exc
458,AVAR,AS8,6.0,exc
459,AVAR,AS9,5.0,exc
460,AVAR,AVAL,1.0,exc
461,AVAR,AVBL,1.0,exc
462,AVAR,AVDL,1.0,exc
463,AVAR,AVDR,2.0,exc
464,AVAR,AVEL,2.0,exc
465,AVAR,AVER,2.0,exc
466,AVAR,DA1,2.0,exc
467,AVAR,DA2,2.0,exc
468,AVAR,DA3,3.0,exc
469,AVAR,DA4,6.0,exc
470,AVAR,DA5,2.0,exc
471,AVAR,DA6,11.0,exc
472,AVAR,DA7,3.0,exc
473,AVAR,DA8,8.0,exc
474,AVAR,DA9,2.0,exc
475,AVAR,DB3,1.0,exc
476,AVAR,DB5,1.0,exc
477,AVAR,DB6,5.0,exc
478,AVAR,LUAL,1.0,exc
479,AVAR,LUAR,3.0,exc
480,AVAR,PDEL,1.0,exc
481,AVAR,PDER,1.0,exc
482,AVAR,PVCL,7.0,exc
483,AVAR,PVCR,5.0,exc
484,AVAR,RIGL,1.0,exc
485,AVAR,SABD,1.0,exc
486,AVAR,SABVL,3.0,exc
487,AVAR,VA10,4.0,exc
488,AVAR,VA11,8.0,exc
489,AVAR,VA2,2.0,exc
490,AVAR,VA3,5.0,exc
491,AVAR,VA4,2.0,exc
492,AVAR,VA5,1.0,exc
493,AVAR,VA6,3.0,exc
494,AVAR,VA8,12.0,exc
495,AVAR,VA9,6.0,exc
496,AVAR,VD13,2.0,exc
497,AVBL,AS10,1.0,exc
498,AVBL,AS3,1.0,exc
499,AVBL,AS4,1.0,exc
500,AVBL,AS5,1.0,exc
501,AVBL,AS6,1.0,exc
502,AVBL,AS9,1.0,exc
503,AVBL,AVAL,7.0,exc
504,AVBL,AVAR,7.0,exc
505,AVBL,AVBR,1.0,exc
506,AVBL,AVDL,1.0,exc
507,AVBL,AVDR,2.0,exc
508,AVBL,AVEL,1.0,exc
509,AVBL,AVER,2.0,exc
510,AVBL,AVL,1.0,exc
511,AVBL,PVNR,1.0,exc
512,AVBL,VA10,1.0,exc
513,AVBL,VA2,1.0,exc
514,AVBL,VA7,1.0,exc
515,AVBL,VB2,1.0,exc
516,AVBL,VC3,1.0,exc
517,AVBR,AS1,1.0,exc
518,AVBR,AS10,1.0,exc
519,AVBR,AS3,1.0,exc
520,AVBR,AS4,1.0,exc
521,AVBR,AS5,1.0,exc
522,AVBR,AS6,1.0,exc
523,AVBR,AS7,1.0,exc
524,AVBR,AVAL,6.0,exc
525,AVBR,AVAR,7.0,exc
526,AVBR,AVBL,1.0,exc
527,AVBR,DA5,1.0,exc
528,AVBR,HSNR,1.0,exc
529,AVBR,VA4,1.0,exc
530,AVBR,VA9,1.0,exc
531,AVBR,VD3,1.0,exc
532,AVDL,AS1,1.0,exc
533,AVDL,AS10,1.0,exc
534,AVDL,AS11,2.0,exc
535,AVDL,AS4,1.0,exc
536,AVDL,AS5,1.0,exc
537,AVDL,AVAL,13.0,exc
538,AVDL,AVAR,19.0,exc
539,AVDL,DA1,1.0,exc
540,AVDL,DA2,1.0,exc
541,AVDL,DA3,4.0,exc
542,AVDL,DA4,1.0,exc
543,AVDL,DA5,1.0,exc
544,AVDL,DA8,1.0,exc
545,AVDL,LUAL,1.0,exc
546,AVDL,PVCL,1.0,exc
547,AVDL,SABD,1.0,exc
548,AVDL,SABVL,1.0,exc
549,AVDL,SABVR,1.0,exc
550,AVDL,VA5,1.0,exc
551,AVDR,AS10,1.0,exc
552,AVDR,AS5,1.0,exc
553,AVDR,AVAL,16.0,exc
554,AVDR,AVAR,15.0,exc
555,AVDR,AVBL,1.0,exc
556,AVDR,AVDL,2.0,exc
557,AVDR,DA1,2.0,exc
558,AVDR,DA2,1.0,exc
559,AVDR,DA3,1.0,exc
560,AVDR,DA4,1.0,exc
561,AVDR,DA5,2.0,exc
562,AVDR,DA8,1.0,exc
563,AVDR,DA9,1.0,exc
564,AVDR,DB4,1.0,exc
565,AVDR,DVC,1.0,exc
566,AVDR,LUAL,2.0,exc
567,AVDR,PQR,1.0,exc
568,AVDR,SABD,1.0,exc
569,AVDR,SABVL,3.0,exc
570,AVDR,SABVR,1.0,exc
571,AVDR,VA11,1.0,exc
572,AVDR,VA2,1.0,exc
573,AVDR,VA3,2.0,exc
574,AVDR,VA6,1.0,exc
575,AVEL,AS1,1.0,exc
576,AVEL,AVAL,12.0,exc
577,AVEL,AVAR,7.0,exc
578,AVEL,DA1,5.0,exc
579,AVEL,DA2,1.0,exc
580,AVEL,DA3,3.0,exc
581,AVEL,DA4,1.0,exc
582,AVEL,PVCR,1.0,exc
583,AVEL,PVT,1.0,exc
584,AVEL,SABD,6.0,exc
585,AVEL,SABVL,7.0,exc
586,AVEL,SABVR,3.0,exc
587,AVEL,VA1,5.0,exc
588,AVEL,VA3,3.0,exc
589,AVEL,VD2,1.0,exc
590,AVEL,VD3,1.0,exc
591,AVER,AS1,3.0,exc
592,AVER,AS2,2.0,exc
593,AVER,AS3,1.0,exc
594,AVER,AVAL,7.0,exc
595,AVER,AVAR,16.0,exc
596,AVER,AVDR,1.0,exc
597,AVER,DA1,5.0,exc
598,AVER,DA2,3.0,exc
599,AVER,DA3,1.0,exc
600,AVER,DB3,1.0,exc
601,AVER,SABD,2.0,exc
602,AVER,SABVL,3.0,exc
603,AVER,SABVR,3.0,exc
604,AVER,VA1,1.0,exc
605,AVER,VA2,1.0,exc
606,AVER,VA3,2.0,exc
607,AVER,VA4,1.0,exc
608,AVER,VA5,1.0,exc
609,AVFL,AVBL,1.0,exc
610,AVFL,AVBR,2.0,exc
611,AVFL,AVFR,7.0,exc
612,AVFL,AVG,1.0,exc
613,AVFL,AVHL,2.0,exc
614,AVFL,AVHR,4.0,exc
615,AVFL,AVJL,1.0,exc
616,AVFL,AVJR,1.0,exc
617,AVFL,AVL,1.0,exc
618,AVFL,HSNL,1.0,exc
619,AVFL,PDER,1.0,exc
620,AVFL,PVNL,2.0,exc
621,AVFL,PVQL,1.0,exc
622,AVFL,PVQR,1.0,exc
623,AVFL,VB1,1.0,exc
624,AVFR,ASJL,1.0,exc
625,AVFR,ASKL,1.0,exc
626,AVFR,AVBL,1.0,exc
627,AVFR,AVBR,5.0,exc
628,AVFR,AVFL,1.0,exc
629,AVFR,AVHL,2.0,exc
630,AVFR,AVHR,1.0,exc
631,AVFR,AVJL,1.0,exc
632,AVFR,AVJR,1.0,exc
633,AVFR,HSNR,1.0,exc
634,AVFR,PVQL,1.0,exc
635,AVFR,VD11,1.0,exc
636,AVG,AVAR,3.0,exc
637,AVG,AVBL,1.0,exc
638,AVG,AVBR,2.0,exc
639,AVG,AVDR,1.0,exc
640,AVG,AVEL,1.0,exc
641,AVG,AVER,1.0,exc
642,AVG,AVFL,1.0,exc
643,AVG,AVJL,1.0,exc
644,AVG,AVL,1.0,exc
645,AVG,DA8,1.0,exc
646,AVG,PHAL,2.0,exc
647,AVG,PVCL,1.0,exc
648,AVG,PVNR,1.0,exc
649,AVG,PVPR,1.0,exc
650,AVG,PVQR,1.0,exc
651,AVG,PVT,1.0,exc
652,AVG,VA11,1.0,exc
653,AVHL,ADFR,3.0,exc
654,AVHL,AVBL,1.0,exc
655,AVHL,AVBR,1.0,exc
656,AVHL,AVDL,1.0,exc
657,AVHL,AVFL,1.0,exc
658,AVHL,AVFR,3.0,exc
659,AVHL,AVHR,1.0,exc
660,AVHL,AVJL,3.0,exc
661,AVHL,AWBR,1.0,exc
662,AVHL,PVPR,2.0,exc
663,AVHL,PVQL,1.0,exc
664,AVHL,PVQR,2.0,exc
665,AVHL,RIMR,1.0,exc
666,AVHL,RIR,3.0,exc
667,AVHL,SMBDR,1.0,exc
668,AVHL,SMBVR,2.0,exc
669,AVHL,VD1,1.0,exc
670,AVHR,ADLL,1.0,exc
671,AVHR,ADLR,2.0,exc
672,AVHR,AQR,2.0,exc
673,AVHR,AVBL,2.0,exc
674,AVHR,AVBR,1.0,exc
675,AVHR,AVDR,1.0,exc
676,AVHR,AVFL,2.0,exc
677,AVHR,AVFR,1.0,exc
678,AVHR,AVHL,1.0,exc
679,AVHR,AVJR,4.0,exc
680,AVHR,PVNL,1.0,exc
681,AVHR,PVPL,3.0,exc
682,AVHR,RIGL,1.0,exc
683,AVHR,RIR,4.0,exc
684,AVHR,SMBDL,1.0,exc
685,AVHR,SMBVL,1.0,exc
686,AVJL,AVAR,1.0,exc
687,AVJL,AVBL,1.0,exc
688,AVJL,AVBR,4.0,exc
689,AVJL,AVDL,1.0,exc
690,AVJL,AVEL,1.0,exc
691,AVJL,AVFR,1.0,exc
692,AVJL,AVHL,2.0,exc
693,AVJL,HSNR,1.0,exc
694,AVJL,PLMR,2.0,exc
695,AVJL,PVCL,1.0,exc
696,AVJL,PVCR,2.0,exc
697,AVJL,PVNR,1.0,exc
698,AVJL,RIFR,1.0,exc
699,AVJL,RIS,1.0,exc
700,AVJR,AVAL,1.0,exc
701,AVJR,AVAR,1.0,exc
702,AVJR,AVBL,3.0,exc
703,AVJR,AVBR,1.0,exc
704,AVJR,AVDL,1.0,exc
705,AVJR,AVDR,3.0,exc
706,AVJR,AVER,3.0,exc
707,AVJR,AVJL,1.0,exc
708,AVJR,PVCL,2.0,exc
709,AVJR,PVCR,4.0,exc
710,AVJR,PVQR,1.0,exc
711,AVJR,SABVL,1.0,exc
712,AVKL,AVBL,1.0,exc
713,AVKL,AVEL,2.0,exc
714,AVKL,AVER,1.0,exc
715,AVKL,AVM,1.0,exc
716,AVKL,DVA,1.0,exc
717,AVKL,PDEL,3.0,exc
718,AVKL,PDER,1.0,exc
719,AVKL,PVM,1.0,exc
720,AVKL,RIML,2.0,exc
721,AVKL,RIMR,1.0,exc
722,AVKL,RMFR,1.0,exc
723,AVKL,SAADR,1.0,exc
724,AVKL,SIAVR,1.0,exc
725,AVKL,SMDDR,1.0,exc
726,AVKR,BDUL,1.0,exc
727,AVKR,PVQL,1.0,exc
728,AVKR,RIML,2.0,exc
729,AVKR,RIMR,2.0,exc
730,AVKR,RMDR,1.0,exc
731,AVKR,RMFL,1.0,exc
732,AVKR,SAADL,1.0,exc
733,AVKR,SMBDL,1.0,exc
734,AVKR,SMDDL,1.0,exc
735,AVKR,SMDDR,2.0,exc
736,AVL,AVEL,1.0,inh
737,AVL,AVFR,1.0,inh
738,AVL,DA2,1.0,inh
739,AVL,DD1,1.0,inh
740,AVL,DD6,2.0,inh
741,AVL,HSNR,1.0,inh
742,AVL,PVPR,1.0,inh
743,AVL,PVWL,1.0,inh
744,AVL,SABD,5.0,inh
745,AVL,SABVL,4.0,inh
746,AVL,SABVR,3.0,inh
747,AVL,VD12,4.0,inh
748,AVM,ADER,1.0,exc
749,AVM,AVBL,6.0,exc
750,AVM,AVBR,6.0,exc
751,AVM,AVJR,1.0,exc
752,AVM,BDUL,3.0,exc
753,AVM,BDUR,2.0,exc
754,AVM,DA1,1.0,exc
755,AVM,PVCL,4.0,exc
756,AVM,PVCR,5.0,exc
757,AVM,PVNL,1.0,exc
758,AVM,PVR,3.0,exc
759,AVM,RID,1.0,exc
760,AVM,SIBVL,1.0,exc
761,AVM,VA1,2.0,exc
762,AWAL,ADAL,1.0,exc
763,AWAL,AFDL,5.0,exc
764,AWAL,AIYL,1.0,exc
765,AWAL,AIZL,10.0,exc
766,AWAL,ASEL,4.0,exc
767,AWAL,ASGL,1.0,exc
768,AWAL,AWBL,1.0,exc
769,AWAR,ADFR,3.0,exc
770,AWAR,AFDR,7.0,exc
771,AWAR,AIYR,2.0,exc
772,AWAR,AIZR,7.0,exc
773,AWAR,ASEL,1.0,exc
774,AWAR,ASER,2.0,exc
775,AWAR,AUAR,1.0,exc
776,AWAR,AWBR,1.0,exc
777,AWAR,RIFR,2.0,exc
778,AWAR,RIGR,1.0,exc
779,AWAR,RIR,2.0,exc
780,AWBL,ADFL,9.0,exc
781,AWBL,AIBR,1.0,exc
782,AWBL,AIZL,9.0,exc
783,AWBL,AVBL,1.0,exc
784,AWBL,RIAL,3.0,exc
785,AWBL,SMBDL,1.0,exc
786,AWBR,ADFR,4.0,exc
787,AWBR,AIZR,4.0,exc
788,AWBR,ASGR,1.0,exc
789,AWBR,ASHR,2.0,exc
790,AWBR,AVBR,2.0,exc
791,AWBR,RIAR,1.0,exc
792,AWBR,RIR,2.0,exc
793,AWBR,SMBVR,1.0,exc
794,AWCL,AIAL,2.0,exc
795,AWCL,AIAR,4.0,exc
796,AWCL,AIBL,1.0,exc
797,AWCL,AIBR,1.0,exc
798,AWCL,AIYL,10.0,exc
799,AWCL,ASEL,1.0,exc
800,AWCL,AVAL,1.0,exc
801,AWCL,AWCR,1.0,exc
802,AWCL,RIAL,3.0,exc
803,AWCR,AIAR,1.0,exc
804,AWCR,AIBR,4.0,exc
805,AWCR,AIYL,4.0,exc
806,AWCR,AIYR,9.0,exc
807,AWCR,ASEL,1.0,exc
808,AWCR,ASGR,1.0,exc
809,AWCR,AWCL,5.0,exc
810,BAGL,AIBL,1.0,exc
811,BAGL,AVAR,1.0,exc
812,BAGL,AVEL,1.0,exc
813,BAGL,AVER,4.0,exc
814,BAGL,BAGR,1.0,exc
815,BAGL,RIAR,5.0,exc
816,BAGL,RIBL,1.0,exc
817,BAGL,RIBR,7.0,exc
818,BAGL,RIGL,1.0,exc
819,BAGL,RIGR,4.0,exc
820,BAGR,AIYL,1.0,exc
821,BAGR,AVAL,1.0,exc
822,BAGR,AVEL,2.0,exc
823,BAGR,RIAL,5.0,exc
824,BAGR,RIBL,4.0,exc
825,BAGR,RIGL,5.0,exc
826,BDUL,ADEL,3.0,inh
827,BDUL,AVHL,1.0,inh
828,BDUL,AVJR,1.0,inh
829,BDUL,HSNL,1.0,inh
830,BDUL,PVNL,2.0,inh
831,BDUL,PVNR,2.0,inh
832,BDUL,SAADL,1.0,inh
833,BDUL,URADL,1.0,inh
834,BDUR,ADER,1.0,inh
835,BDUR,ALMR,1.0,inh
836,BDUR,AVAL,3.0,inh
837,BDUR,AVHL,1.0,inh
838,BDUR,AVJL,2.0,inh
839,BDUR,HSNR,4.0,inh
840,BDUR,PVCL,1.0,inh
841,BDUR,PVNL,2.0,inh
842,BDUR,PVNR,1.0,inh
843,BDUR,SDQL,1.0,inh
844,BDUR,URADR,1.0,inh
845,CEPDL,AVER,5.0,exc
846,CEPDL,IL1DL,4.0,exc
847,CEPDL,OLLL,2.0,exc
848,CEPDL,OLQDL,6.0,exc
849,CEPDL,RIBL,2.0,exc
850,CEPDL,RICL,1.0,exc
851,CEPDL,RICR,2.0,exc
852,CEPDL,RIPL,2.0,exc
853,CEPDL,RIS,1.0,exc
854,CEPDL,RMDVL,3.0,exc
855,CEPDL,RMGL,4.0,exc
856,CEPDL,RMHR,4.0,exc
857,CEPDL,SIADR,1.0,exc
858,CEPDL,SMBDR,1.0,exc
859,CEPDL,URADL,2.0,exc
860,CEPDL,URBL,4.0,exc
861,CEPDL,URYDL,2.0,exc
862,CEPDR,AVEL,6.0,exc
863,CEPDR,BDUR,1.0,exc
864,CEPDR,IL1DR,5.0,exc
865,CEPDR,IL1R,1.0,exc
866,CEPDR,OLLR,8.0,exc
867,CEPDR,OLQDR,5.0,exc
868,CEPDR,RIBR,1.0,exc
869,CEPDR,RICL,4.0,exc
870,CEPDR,RICR,3.0,exc
871,CEPDR,RIS,1.0,exc
872,CEPDR,RMDDL,1.0,exc
873,CEPDR,RMDVR,2.0,exc
874,CEPDR,RMGR,1.0,exc
875,CEPDR,RMHL,4.0,exc
876,CEPDR,RMHR,1.0,exc
877,CEPDR,SIADL,1.0,exc
878,CEPDR,SMBDR,1.0,exc
879,CEPDR,URADR,1.0,exc
880,CEPDR,URBR,2.0,exc
881,CEPDR,URYDR,1.0,exc
882,CEPVL,ADLL,1.0,exc
883,CEPVL,AVER,3.0,exc
884,CEPVL,IL1VL,2.0,exc
885,CEPVL,OLLL,4.0,exc
886,CEPVL,OLQVL,6.0,exc
887,CEPVL,RICL,7.0,exc
888,CEPVL,RICR,4.0,exc
889,CEPVL,RIPL,1.0,exc
890,CEPVL,RMDDL,4.0,exc
891,CEPVL,RMHL,1.0,exc
892,CEPVL,SIAVL,1.0,exc
893,CEPVL,URAVL,2.0,exc
894,CEPVR,ASGR,1.0,exc
895,CEPVR,AVEL,5.0,exc
896,CEPVR,IL1VR,1.0,exc
897,CEPVR,IL2VR,2.0,exc
898,CEPVR,OLLR,7.0,exc
899,CEPVR,OLQVR,3.0,exc
900,CEPVR,RICL,2.0,exc
901,CEPVR,RICR,2.0,exc
902,CEPVR,RIPR,1.0,exc
903,CEPVR,RIVL,1.0,exc
904,CEPVR,RMDDR,2.0,exc
905,CEPVR,RMHR,2.0,exc
906,CEPVR,SIAVR,2.0,exc
907,CEPVR,URAVR,1.0,exc
908,DA1,DD1,4.0,exc
909,DA1,VD1,17.0,exc
910,DA1,VD2,1.0,exc
911,DA2,DD1,1.0,exc
912,DA2,VD1,2.0,exc
913,DA2,VD2,11.0,exc
914,DA2,VD3,5.0,exc
915,DA3,AS4,1.0,exc
916,DA3,DA4,2.0,exc
917,DA3,DB3,1.0,exc
918,DA3,DD2,1.0,exc
919,DA3,VD3,25.0,exc
920,DA3,VD4,6.0,exc
921,DA4,DA3,1.0,exc
922,DA4,DB3,1.0,exc
923,DA4,DD2,1.0,exc
924,DA4,VD4,12.0,exc
925,DA4,VD5,15.0,exc
926,DA5,DB4,1.0,exc
927,DA5,VD5,1.0,exc
928,DA5,VD6,16.0,exc
929,DA6,VD4,4.0,exc
930,DA6,VD5,3.0,exc
931,DA6,VD6,3.0,exc
932,DA9,DD6,1.0,exc
933,DA9,VD13,1.0,exc
934,DB1,AS1,1.0,exc
935,DB1,AS2,1.0,exc
936,DB1,AS3,1.0,exc
937,DB1,DD1,10.0,exc
938,DB1,VD1,21.0,exc
939,DB1,VD2,15.0,exc
940,DB1,VD3,1.0,exc
941,DB2,DA3,5.0,exc
942,DB2,DD2,2.0,exc
943,DB2,VD3,23.0,exc
944,DB2,VD4,14.0,exc
945,DB2,VD5,1.0,exc
946,DB3,AS4,1.0,exc
947,DB3,AS5,1.0,exc
948,DB3,DD2,4.0,exc
949,DB3,DD3,10.0,exc
950,DB3,VD4,9.0,exc
951,DB3,VD5,26.0,exc
952,DB3,VD6,7.0,exc
953,DB4,DD3,3.0,exc
954,DB4,VD6,13.0,exc
955,DB7,VD13,2.0,exc
956,DD1,DA2,2.0,inh
957,DD1,VD2,1.0,inh
958,DD2,DA3,1.0,inh
959,DD2,VD3,1.0,inh
960,DD2,VD4,1.0,inh
961,DD5,VB8,1.0,inh
962,DD5,VD9,1.0,inh
963,DVA,AIZL,3.0,inh
964,DVA,AQR,4.0,inh
965,DVA,AUAL,1.0,inh
966,DVA,AUAR,1.0,inh
967,DVA,AVAL,3.0,inh
968,DVA,AVAR,1.0,inh
969,DVA,AVBL,1.0,inh
970,DVA,AVEL,9.0,inh
971,DVA,AVER,5.0,inh
972,DVA,DB2,1.0,inh
973,DVA,DB3,2.0,inh
974,DVA,DB4,1.0,inh
975,DVA,DB5,1.0,inh
976,DVA,DB6,2.0,inh
977,DVA,DB7,1.0,inh
978,DVA,PDEL,3.0,inh
979,DVA,PVCL,3.0,inh
980,DVA,PVCR,1.0,inh
981,DVA,PVR,3.0,inh
982,DVA,RIAL,1.0,inh
983,DVA,RIAR,1.0,inh
984,DVA,RIMR,1.0,inh
985,DVA,RIR,3.0,inh
986,DVA,SAADR,1.0,inh
987,DVA,SAAVL,1.0,inh
988,DVA,SAAVR,1.0,inh
989,DVA,SABD,1.0,inh
990,DVA,SMBDL,3.0,inh
991,DVA,SMBDR,2.0,inh
992,DVA,SMBVL,3.0,inh
993,DVA,SMBVR,2.0,inh
994,DVA,VA12,1.0,inh
995,DVA,VA2,1.0,inh
996,DVA,VB1,1.0,inh
997,DVA,VB11,2.0,inh
998,DVB,AVL,5.0,inh
999,DVB,DA8,2.0,inh
1000,DVB,DD6,3.0,inh
1001,DVB,DVC,3.0,inh
1002,DVB,PDA,1.0,inh
1003,DVB,PHCL,1.0,inh
1004,DVB,PVPL,1.0,inh
1005,DVC,AIBL,1.0,inh
1006,DVC,AIBR,3.0,inh
1007,DVC,AVAL,5.0,inh
1008,DVC,AVAR,7.0,inh
1009,DVC,AVBL,1.0,inh
1010,DVC,AVKL,2.0,inh
1011,DVC,AVKR,1.0,inh
1012,DVC,PVT,1.0,inh
1013,DVC,RIBL,1.0,inh
1014,DVC,RIBR,1.0,inh
1015,DVC,RIGL,5.0,inh
1016,DVC,RIGR,5.0,inh
1017,DVC,RMFL,2.0,inh
1018,DVC,RMFR,4.0,inh
1019,FLPL,ADEL,2.0,exc
1020,FLPL,ADER,2.0,exc
1021,FLPL,AIBL,1.0,exc
1022,FLPL,AIBR,2.0,exc
1023,FLPL,AVAL,14.0,exc
1024,FLPL,AVAR,17.0,exc
1025,FLPL,AVBL,4.0,exc
1026,FLPL,AVBR,5.0,exc
1027,FLPL,AVDL,6.0,exc
1028,FLPL,AVDR,13.0,exc
1029,FLPL,DVA,1.0,exc
1030,FLPL,FLPR,1.0,exc
1031,FLPR,ADER,1.0,exc
1032,FLPR,AIBR,1.0,exc
1033,FLPR,AVAL,12.0,exc
1034,FLPR,AVAR,5.0,exc
1035,FLPR,AVBL,5.0,exc
1036,FLPR,AVBR,1.0,exc
1037,FLPR,AVDL,10.0,exc
1038,FLPR,AVDR,1.0,exc
1039,FLPR,AVEL,4.0,exc
1040,FLPR,AVER,2.0,exc
1041,FLPR,AVJR,1.0,exc
1042,FLPR,DVA,1.0,exc
1043,FLPR,FLPL,2.0,exc
1044,FLPR,PVCL,2.0,exc
1045,FLPR,VB1,1.0,exc
1046,HSNL,AIAL,1.0,exc
1047,HSNL,AIZL,2.0,exc
1048,HSNL,AIZR,1.0,exc
1049,HSNL,ASHL,1.0,exc
1050,HSNL,ASHR,2.0,exc
1051,HSNL,ASJR,1.0,exc
1052,HSNL,ASKL,1.0,exc
1053,HSNL,AVDR,2.0,exc
1054,HSNL,AVFL,6.0,exc
1055,HSNL,AVJL,1.0,exc
1056,HSNL,AWBL,1.0,exc
1057,HSNL,AWBR,2.0,exc
1058,HSNL,HSNR,3.0,exc
1059,HSNL,RIFL,3.0,exc
1060,HSNL,RIML,2.0,exc
1061,HSNL,SABVL,2.0,exc
1062,HSNL,VC5,3.0,exc
1063,HSNR,AIBL,1.0,exc
1064,HSNR,AIBR,1.0,exc
1065,HSNR,AIZL,1.0,exc
1066,HSNR,AIZR,1.0,exc
1067,HSNR,AS5,1.0,exc
1068,HSNR,ASHL,2.0,exc
1069,HSNR,AVDR,1.0,exc
1070,HSNR,AVFL,1.0,exc
1071,HSNR,AVJL,1.0,exc
1072,HSNR,AVL,1.0,exc
1073,HSNR,AWBL,1.0,exc
1074,HSNR,BDUR,1.0,exc
1075,HSNR,DA5,1.0,exc
1076,HSNR,DA6,1.0,exc
1077,HSNR,HSNL,1.0,exc
1078,HSNR,PVNR,1.0,exc
1079,HSNR,PVQR,1.0,exc
1080,HSNR,RIFR,4.0,exc
1081,HSNR,RMGR,1.0,exc
1082,HSNR,SABD,1.0,exc
1083,HSNR,SABVR,1.0,exc
1084,HSNR,VA6,1.0,exc
1085,HSNR,VC2,3.0,exc
1086,HSNR,VC3,1.0,exc
1087,HSNR,VD4,2.0,exc
1088,I1L,I3,1.0,exc
1089,I1R,I3,1.0,exc
1090,I2L,M1,2.0,exc
1091,I2R,M1,2.0,exc
1092,I3,M1,2.0,exc
1093,I3,M2L,1.0,exc
1094,I3,M2R,1.0,exc
1095,I4,I2L,5.0,exc
1096,I4,I2R,5.0,exc
1097,I4,I5,2.0,exc
1098,I4,M1,2.0,exc
1099,I5,I1L,3.0,exc
1100,I5,I1R,2.0,exc
1101,I5,M1,1.0,exc
1102,I5,M5,1.0,exc
1103,I5,MI,2.0,exc
1104,I6,I2L,2.0,exc
1105,I6,I2R,2.0,exc
1106,I6,I3,1.0,exc
1107,I6,NSML,2.0,exc
1108,I6,NSMR,2.0,exc
1109,IL1DL,PVR,1.0,exc
1110,IL1DL,RIH,1.0,exc
1111,IL1DL,RIPL,2.0,exc
1112,IL1DL,RMDDR,1.0,exc
1113,IL1DL,RMDVL,4.0,exc
1114,IL1DL,URYDL,1.0,exc
1115,IL1DR,RIPR,5.0,exc
1116,IL1DR,RMDVR,5.0,exc
1117,IL1L,AVER,2.0,exc
1118,IL1L,IL1DL,1.0,exc
1119,IL1L,RMDDL,5.0,exc
1120,IL1L,RMDL,1.0,exc
1121,IL1L,RMDR,3.0,exc
1122,IL1L,RMDVL,4.0,exc
1123,IL1L,RMDVR,2.0,exc
1124,IL1L,RMER,1.0,exc
1125,IL1R,AVEL,1.0,exc
1126,IL1R,AVER,1.0,exc
1127,IL1R,IL1DR,1.0,exc
1128,IL1R,RMDDL,3.0,exc
1129,IL1R,RMDDR,2.0,exc
1130,IL1R,RMDL,4.0,exc
1131,IL1R,RMDR,2.0,exc
1132,IL1R,RMDVL,1.0,exc
1133,IL1R,RMDVR,4.0,exc
1134,IL1R,RMEL,2.0,exc
1135,IL1R,RMHL,1.0,exc
1136,IL1R,URXR,2.0,exc
1137,IL1VL,IL1L,1.0,exc
1138,IL1VL,RIPL,4.0,exc
1139,IL1VL,RMDDL,5.0,exc
1140,IL1VL,URYVL,1.0,exc
1141,IL1VR,IL1R,1.0,exc
1142,IL1VR,IL2VR,1.0,exc
1143,IL1VR,RIPR,6.0,exc
1144,IL1VR,RMDDR,10.0,exc
1145,IL1VR,RMER,1.0,exc
1146,IL2DL,AUAL,1.0,exc
1147,IL2DL,IL1DL,7.0,exc
1148,IL2DL,OLQDL,2.0,exc
1149,IL2DL,RIBL,1.0,exc
1150,IL2DL,RIPL,10.0,exc
1151,IL2DL,RMEL,4.0,exc
1152,IL2DL,RMER,3.0,exc
1153,IL2DL,URADL,3.0,exc
1154,IL2DR,CEPDR,1.0,exc
1155,IL2DR,IL1DR,7.0,exc
1156,IL2DR,RICR,1.0,exc
1157,IL2DR,RIPR,11.0,exc
1158,IL2DR,RMED,1.0,exc
1159,IL2DR,RMEL,2.0,exc
1160,IL2DR,RMER,2.0,exc
1161,IL2DR,RMEV,1.0,exc
1162,IL2DR,URADR,3.0,exc
1163,IL2L,ADEL,2.0,exc
1164,IL2L,AVEL,1.0,exc
1165,IL2L,IL1L,1.0,exc
1166,IL2L,OLQDL,5.0,exc
1167,IL2L,OLQVL,8.0,exc
1168,IL2L,RICL,1.0,exc
1169,IL2L,RIH,7.0,exc
1170,IL2L,RMDL,3.0,exc
1171,IL2L,RMDR,1.0,exc
1172,IL2L,RMER,2.0,exc
1173,IL2L,RMEV,2.0,exc
1174,IL2L,URXL,2.0,exc
1175,IL2R,ADER,1.0,exc
1176,IL2R,IL1R,1.0,exc
1177,IL2R,OLLR,1.0,exc
1178,IL2R,OLQDR,2.0,exc
1179,IL2R,OLQVR,7.0,exc
1180,VC1,VD1,4.0,exc
1181,VC1,VD2,1.0,exc
1182,VC1,VD3,1.0,exc
1183,VC1,VD4,2.0,exc
1184,VC1,VD5,5.0,exc
1185,VC1,VD6,1.0,exc
1186,VC2,DB4,1.0,exc
1187,VC2,DD1,6.0,exc
1188,VC2,DD2,4.0,exc
1189,VC2,DD3,9.0,exc
1190,VC2,DVC,1.0,exc
1191,VC2,PVCR,1.0,exc
1192,VC2,PVQR,1.0,exc
1193,VC2,PVT,2.0,exc
1194,VC2,VC1,4.0,exc
1195,VC2,VC3,4.0,exc
1196,VC2,VD1,2.0,exc
1197,VC2,VD2,2.0,exc
1198,VC2,VD4,5.0,exc
1199,VC2,VD5,5.0,exc
1200,VC2,VD6,1.0,exc
1201,VC3,AVL,1.0,exc
1202,VC3,DD1,2.0,exc
1203,VC3,DD2,4.0,exc
1204,VC3,DD3,5.0,exc
1205,VC3,DD4,12.0,exc
1206,VC3,DVC,1.0,exc
1207,VC3,HSNR,1.0,exc
1208,VC3,PVNR,1.0,exc
1209,VC3,PVPR,1.0,exc
1210,VC3,PVQR,4.0,exc
1211,VC3,VC1,2.0,exc
1212,VC3,VC2,1.0,exc
1213,VC3,VD1,1.0,exc
1214,VC3,VD2,1.0,exc
1215,VC3,VD3,1.0,exc
1216,VC3,VD4,2.0,exc
1217,VC3,VD5,4.0,exc
1218,VC3,VD6,4.0,exc
1219,VC3,VD7,5.0,exc
1220,VC4,AVBL,1.0,exc
1221,VC4,AVHR,1.0,exc
1222,VC4,VC1,1.0,exc
1223,VC4,VC3,4.0,exc
1224,VC4,VC5,1.0,exc
1225,VC5,AVFL,1.0,exc
1226,VC5,AVFR,1.0,exc
1227,VC5,DVC,2.0,exc
1228,VC5,HSNL,1.0,exc
1229,VC5,OLLR,1.0,exc
1230,VC5,PVT,1.0,exc
1231,VC5,URBL,3.0,exc
1232,VC5,VC3,1.0,exc
1233,VC5,VC4,1.0,exc
1234,VD1,DD1,1.0,inh
1235,VD1,VA1,2.0,inh
1236,VD10,DD5,1.0,inh
1237,VD10,VB9,2.0,inh
1238,VD11,AVAR,2.0,inh
1239,VD11,VA11,1.0,inh
1240,VD11,VB10,1.0,inh
1241,VD12,VA11,3.0,inh
1242,VD12,VA12,2.0,inh
1243,VD12,VB10,1.0,inh
1244,VD12,VB11,1.0,inh
1245,VD13,AVAR,2.0,inh
1246,VD13,PVCL,1.0,inh
1247,VD13,PVCR,1.0,inh
1248,VD13,VA12,1.0,inh
1249,VD2,DD1,1.0,inh
1250,VD2,VA2,6.0,inh
1251,VD2,VB2,3.0,inh
1252,VD3,VA3,2.0,inh
1253,VD3,VB2,2.0,inh
1254,VD5,AVAR,1.0,inh
1255,VD5,VA5,2.0,inh
1256,VD5,VB4,2.0,inh
1257,VD6,AVAL,1.0,inh
1258,VD6,VA6,1.0,inh
1259,VD6,VB5,2.0,inh
1260,VD8,DD4,1.0,inh
1261,VD8,VA8,4.0,inh
1262,IL2R,RIH,6.0,exc
1263,IL2R,RMDL,1.0,exc
1264,IL2R,RMEL,2.0,exc
1265,IL2R,RMEV,1.0,exc
1266,IL2R,URBR,1.0,exc
1267,IL2VL,BAGR,1.0,exc
1268,IL2VL,IL1VL,7.0,exc
1269,IL2VL,IL2L,1.0,exc
1270,IL2VL,OLQVL,1.0,exc
1271,IL2VL,RIAL,1.0,exc
1272,IL2VL,RIH,2.0,exc
1273,IL2VL,RIPL,11.0,exc
1274,IL2VL,RMEL,1.0,exc
1275,IL2VL,RMER,4.0,exc
1276,IL2VL,RMEV,1.0,exc
1277,IL2VL,URAVL,3.0,exc
1278,IL2VR,IL1VR,6.0,exc
1279,IL2VR,OLQVR,1.0,exc
1280,IL2VR,RIAR,2.0,exc
1281,IL2VR,RIH,3.0,exc
1282,IL2VR,RIPR,15.0,exc
1283,IL2VR,RMEL,3.0,exc
1284,IL2VR,RMER,2.0,exc
1285,IL2VR,RMEV,3.0,exc
1286,IL2VR,URAVR,4.0,exc
1287,IL2VR,URXR,1.0,exc
1288,LUAL,AVAL,5.0,exc
1289,LUAL,AVAR,6.0,exc
1290,LUAL,AVDL,4.0,exc
1291,LUAL,AVDR,2.0,exc
1292,LUAL,AVJL,1.0,exc
1293,LUAL,PHBL,1.0,exc
1294,LUAL,PVNL,1.0,exc
1295,LUAL,PVWL,1.0,exc
1296,LUAR,AVAL,3.0,exc
1297,LUAR,AVAR,7.0,exc
1298,LUAR,AVDL,1.0,exc
1299,LUAR,AVDR,3.0,exc
1300,LUAR,AVJR,1.0,exc
1301,LUAR,PQR,1.0,exc
1302,LUAR,PVCR,3.0,exc
1303,LUAR,PVR,1.0,exc
1304,LUAR,PVWL,1.0,exc
1305,M2L,I1R,3.0,exc
1306,M2L,I1L,3.0,exc
1307,M2L,I3,2.0,exc
1308,M2L,MI,2.0,exc
1309,M2R,I1L,3.0,exc
1310,M2R,I1R,3.0,exc
1311,M2R,I3,2.0,exc
1312,M2R,MI,2.0,exc
1313,M3L,I1L,4.0,exc
1314,M3L,I1R,4.0,exc
1315,M3L,I4,2.0,exc
1316,M3L,I5,3.0,exc
1317,M3L,I6,1.0,exc
1318,M3L,M1,1.0,exc
1319,M3L,MI,1.0,exc
1320,M3L,NSML,2.0,exc
1321,M3L,NSMR,3.0,exc
1322,M3R,I1L,4.0,exc
1323,M3R,I1R,4.0,exc
1324,M3R,I3,2.0,exc
1325,M3R,I4,6.0,exc
1326,M3R,I5,3.0,exc
1327,M3R,I6,1.0,exc
1328,M3R,M1,1.0,exc
1329,M3R,MI,1.0,exc
1330,M3R,NSML,2.0,exc
1331,M3R,NSMR,3.0,exc
1332,M4,I3,1.0,exc
1333,M4,I5,13.0,exc
1334,M4,I6,2.0,exc
1335,M4,NSML,1.0,exc
1336,M4,NSMR,1.0,exc
1337,M5,I5,3.0,exc
1338,M5,M1,1.0,exc
1339,MCL,I1L,3.0,exc
1340,MCL,I1R,3.0,exc
1341,MCL,I2L,1.0,exc
1342,MCL,I2R,1.0,exc
1343,MCL,I3,1.0,exc
1344,MCL,M1,1.0,exc
1345,MCR,I1L,3.0,exc
1346,MCR,I1R,3.0,exc
1347,MCR,I3,1.0,exc
1348,MCR,M1,1.0,exc
1349,NSML,I1L,1.0,exc
1350,NSML,I1R,2.0,exc
1351,NSML,I2L,6.0,exc
1352,NSML,I2R,6.0,exc
1353,NSML,I3,2.0,exc
1354,NSML,I4,3.0,exc
1355,NSML,I5,2.0,exc
1356,NSML,I6,2.0,exc
1357,NSML,M3L,1.0,exc
1358,NSML,M3R,1.0,exc
1359,NSMR,I1L,2.0,exc
1360,NSMR,I1R,2.0,exc
1361,NSMR,I2L,6.0,exc
1362,NSMR,I2R,6.0,exc
1363,NSMR,I3,2.0,exc
1364,NSMR,I4,3.0,exc
1365,NSMR,I5,2.0,exc
1366,NSMR,I6,2.0,exc
1367,NSMR,M3L,1.0,exc
1368,NSMR,M3R,1.0,exc
1369,OLLL,AVER,21.0,exc
1370,OLLL,CEPDL,3.0,exc
1371,OLLL,CEPVL,4.0,exc
1372,OLLL,IL1VL,2.0,exc
1373,OLLL,RIBL,8.0,exc
1374,OLLL,RMDDL,7.0,exc
1375,OLLL,RMDL,2.0,exc
1376,OLLL,RMDVL,1.0,exc
1377,OLLL,RMEL,2.0,exc
1378,OLLL,SMDDL,3.0,exc
1379,OLLL,SMDDR,4.0,exc
1380,OLLL,SMDVR,4.0,exc
1381,OLLL,URYDL,1.0,exc
1382,OLLR,AVEL,16.0,exc
1383,OLLR,CEPDR,1.0,exc
1384,OLLR,CEPVR,6.0,exc
1385,OLLR,IL1DR,2.0,exc
1386,OLLR,IL1VR,1.0,exc
1387,OLLR,IL2R,1.0,exc
1388,OLLR,RIBR,10.0,exc
1389,OLLR,RMDDR,10.0,exc
1390,OLLR,RMDL,3.0,exc
1391,OLLR,RMDVR,3.0,exc
1392,OLLR,RMER,2.0,exc
1393,OLLR,SMDDR,1.0,exc
1394,OLLR,SMDVL,4.0,exc
1395,OLLR,SMDVR,3.0,exc
1396,OLQDL,RICR,1.0,exc
1397,OLQDL,RMDDR,4.0,exc
1398,OLQDL,SIBVL,3.0,exc
1399,OLQDR,RICL,1.0,exc
1400,OLQDR,RICR,1.0,exc
1401,OLQDR,RMDDL,3.0,exc
1402,OLQDR,RMHR,1.0,exc
1403,OLQDR,SIBVR,2.0,exc
1404,OLQVL,IL1VL,1.0,exc
1405,OLQVL,IL2VL,1.0,exc
1406,OLQVL,RICL,1.0,exc
1407,OLQVL,RIH,1.0,exc
1408,OLQVL,RIPL,1.0,exc
1409,OLQVL,RMDVR,4.0,exc
1410,OLQVL,SIBDL,3.0,exc
1411,OLQVR,IL1VR,1.0,exc
1412,OLQVR,RICR,1.0,exc
1413,OLQVR,RIH,2.0,exc
1414,OLQVR,RIPR,2.0,exc
1415,OLQVR,RMDVL,4.0,exc
1416,OLQVR,RMER,1.0,exc
1417,OLQVR,SIBDR,4.0,exc
1418,PDA,AS11,1.0,exc
1419,PDA,DA9,1.0,exc
1420,PDA,DD6,1.0,exc
1421,PDA,PVNR,1.0,exc
1422,PDA,VD13,3.0,exc
1423,PDB,VD13,2.0,exc
1424,PDEL,AVKL,6.0,exc
1425,PDEL,DVA,24.0,exc
1426,PDEL,PDER,1.0,exc
1427,PDEL,PVM,2.0,exc
1428,PDEL,PVR,2.0,exc
1429,PDEL,VA9,1.0,exc
1430,PDEL,VD11,1.0,exc
1431,PDER,AVKL,16.0,exc
1432,PDER,DVA,35.0,exc
1433,PDER,PVCL,1.0,exc
1434,PDER,PVCR,1.0,exc
1435,PHAL,AVDR,1.0,exc
1436,PHAL,AVFL,3.0,exc
1437,PHAL,AVG,5.0,exc
1438,PHAL,AVHL,1.0,exc
1439,PHAL,AVHR,1.0,exc
1440,PHAL,DVA,2.0,exc
1441,PHAL,PHAR,5.0,exc
1442,PHAL,PHBL,5.0,exc
1443,PHAL,PHBR,5.0,exc
1444,PHAL,PVQL,2.0,exc
1445,PHAR,AVG,3.0,exc
1446,PHAR,AVHR,1.0,exc
1447,PHAR,DA8,1.0,exc
1448,PHAR,DVA,1.0,exc
1449,PHAR,PHAL,6.0,exc
1450,PHAR,PHBL,1.0,exc
1451,PHAR,PHBR,5.0,exc
1452,PHAR,PVQL,2.0,exc
1453,PHBL,AVAL,9.0,exc
1454,PHBL,AVAR,6.0,exc
1455,PHBL,AVDL,1.0,exc
1456,PHBL,PHBR,1.0,exc
1457,PHBL,PVCL,13.0,exc
1458,PHBL,VA12,1.0,exc
1459,PHBR,AVAL,7.0,exc
1460,PHBR,AVAR,7.0,exc
1461,PHBR,AVDL,1.0,exc
1462,PHBR,AVDR,1.0,exc
1463,PHBR,AVFL,1.0,exc
1464,PHBR,DA8,1.0,exc
1465,PHBR,PHBL,1.0,exc
1466,PHBR,PVCL,6.0,exc
1467,PHBR,PVCR,3.0,exc
1468,PHBR,VA12,2.0,exc
1469,PHCL,AVAL,1.0,exc
1470,PHCL,DA9,7.0,exc
1471,PHCL,DVA,6.0,exc
1472,PHCL,LUAL,1.0,exc
1473,PHCL,PVCL,2.0,exc
1474,PHCL,VA12,2.0,exc
1475,PHCR,AVHR,1.0,exc
1476,PHCR,DA9,2.0,exc
1477,PHCR,DVA,8.0,exc
1478,PHCR,LUAR,1.0,exc
1479,PHCR,PHCL,1.0,exc
1480,PHCR,PVCR,8.0,exc
1481,PHCR,VA12,1.0,exc
1482,PLML,HSNL,1.0,exc
1483,PLMR,AS6,1.0,exc
1484,PLMR,AVAL,4.0,exc
1485,PLMR,AVAR,1.0,exc
1486,PLMR,AVDL,1.0,exc
1487,PLMR,AVDR,4.0,exc
1488,PLMR,DVA,5.0,exc
1489,PLMR,HSNR,1.0,exc
1490,PLMR,PDEL,2.0,exc
1491,PLMR,PDER,3.0,exc
1492,PLMR,PVCL,2.0,exc
1493,PLNL,SAADL,5.0,exc
1494,PLNL,SMBVL,6.0,exc
1495,PLNR,SAADR,4.0,exc
1496,PLNR,SMBVR,6.0,exc
1497,PQR,AVAL,8.0,exc
1498,PQR,AVAR,11.0,exc
1499,PQR,AVDL,7.0,exc
1500,PQR,AVDR,6.0,exc
1501,PQR,AVG,1.0,exc
1502,PQR,LUAR,1.0,exc
1503,PQR,PVNL,1.0,exc
1504,PVCL,AS1,1.0,exc
1505,PVCL,AVAL,1.0,exc
1506,PVCL,AVAR,4.0,exc
1507,PVCL,AVBL,5.0,exc
1508,PVCL,AVBR,12.0,exc
1509,PVCL,AVDL,5.0,exc
1510,PVCL,AVDR,2.0,exc
1511,PVCL,AVEL,2.0,exc
1512,PVCL,AVER,1.0,exc
1513,PVCL,AVJL,3.0,exc
1514,PVCL,AVJR,1.0,exc
1515,PVCL,DA2,1.0,exc
1516,PVCL,DA5,1.0,exc
1517,PVCL,DA6,1.0,exc
1518,PVCL,DB2,3.0,exc
1519,PVCL,DB3,4.0,exc
1520,PVCL,DB4,3.0,exc
1521,PVCL,DB5,2.0,exc
1522,PVCL,DB6,2.0,exc
1523,PVCL,DB7,3.0,exc
1524,PVCL,DVA,4.0,exc
1525,PVCL,PVCR,2.0,exc
1526,PVCL,RID,5.0,exc
1527,PVCL,RIS,2.0,exc
1528,PVCL,SIBVL,2.0,exc
1529,PVCL,VB10,2.0,exc
1530,PVCL,VB11,1.0,exc
1531,PVCL,VB3,1.0,exc
1532,PVCL,VB4,1.0,exc
1533,PVCL,VB5,1.0,exc
1534,PVCL,VB6,2.0,exc
1535,PVCL,VB8,1.0,exc
1536,PVCR,AQR,1.0,exc
1537,PVCR,AS2,1.0,exc
1538,PVCR,AVAL,7.0,exc
1539,PVCR,AVAR,7.0,exc
1540,PVCR,AVBL,8.0,exc
1541,PVCR,AVBR,6.0,exc
1542,PVCR,AVDL,5.0,exc
1543,PVCR,AVDR,1.0,exc
1544,PVCR,AVEL,1.0,exc
1545,PVCR,AVER,1.0,exc
1546,PVCR,AVL,1.0,exc
1547,PVCR,DA9,1.0,exc
1548,PVCR,DB2,1.0,exc
1549,PVCR,DB3,3.0,exc
1550,PVCR,DB4,4.0,exc
1551,PVCR,DB5,1.0,exc
1552,PVCR,DB6,2.0,exc
1553,PVCR,DB7,1.0,exc
1554,PVCR,FLPL,1.0,exc
1555,PVCR,LUAR,1.0,exc
1556,PVCR,PDEL,1.0,exc
1557,PVCR,PVCL,3.0,exc
1558,PVCR,PVDL,1.0,exc
1559,PVCR,PVR,1.0,exc
1560,PVCR,PVWR,1.0,exc
1561,PVCR,RID,5.0,exc
1562,PVCR,SIBVR,2.0,exc
1563,PVCR,VB10,1.0,exc
1564,PVCR,VB4,3.0,exc
1565,PVCR,VB6,2.0,exc
1566,PVCR,VB7,3.0,exc
1567,PVCR,VB8,1.0,exc
1568,PVDL,AVAL,6.0,exc
1569,PVDL,AVAR,6.0,exc
1570,PVDL,DD5,1.0,exc
1571,PVDL,PVCL,1.0,exc
1572,PVDL,PVCR,6.0,exc
1573,PVDL,VD10,1.0,exc
1574,PVDR,AVAL,6.0,exc
1575,PVDR,AVAR,9.0,exc
1576,PVDR,DVA,3.0,exc
1577,PVDR,PVCL,13.0,exc
1578,PVDR,PVCR,10.0,exc
1579,PVDR,PVDL,1.0,exc
1580,PVDR,VA9,1.0,exc
1581,PVM,AVKL,11.0,exc
1582,PVM,AVM,1.0,exc
1583,PVM,DVA,3.0,exc
1584,PVM,PDEL,7.0,exc
1585,PVM,PDER,8.0,exc
1586,PVM,PVCL,2.0,exc
1587,PVM,PVR,1.0,exc
1588,PVNL,AVAL,2.0,exc
1589,PVNL,AVBR,1.0,exc
1590,PVNL,AVDL,3.0,exc
1591,PVNL,AVDR,3.0,exc
1592,PVNL,AVEL,1.0,exc
1593,PVNL,AVFR,1.0,exc
1594,PVNL,AVG,1.0,exc
1595,PVNL,AVJL,5.0,exc
1596,PVNL,AVJR,5.0,exc
1597,PVNL,AVL,2.0,exc
1598,PVNL,BDUL,1.0,exc
1599,PVNL,BDUR,2.0,exc
1600,PVNL,DD1,2.0,exc
1601,PVNL,PQR,1.0,exc
1602,PVNL,PVCL,1.0,exc
1603,PVNL,PVNR,5.0,exc
1604,PVNL,PVT,1.0,exc
1605,PVNL,PVWL,1.0,exc
1606,PVNL,RIFL,1.0,exc
1607,PVNR,AVAL,2.0,exc
1608,PVNR,AVBL,1.0,exc
1609,PVNR,AVBR,2.0,exc
1610,PVNR,AVDR,1.0,exc
1611,PVNR,AVEL,3.0,exc
1612,PVNR,AVJL,4.0,exc
1613,PVNR,AVJR,1.0,exc
1614,PVNR,AVL,2.0,exc
1615,PVNR,BDUL,1.0,exc
1616,PVNR,BDUR,2.0,exc
1617,PVNR,DD3,1.0,exc
1618,PVNR,HSNR,1.0,exc
1619,PVNR,PQR,2.0,exc
1620,PVNR,PVCL,1.0,exc
1621,PVNR,PVNL,1.0,exc
1622,PVNR,PVT,2.0,exc
1623,PVNR,PVWL,2.0,exc
1624,PVNR,VC2,1.0,exc
1625,PVNR,VC3,1.0,exc
1626,PVNR,VD12,1.0,exc
1627,PVNR,VD6,1.0,exc
1628,PVNR,VD7,1.0,exc
1629,PVPL,ADAL,1.0,exc
1630,PVPL,AQR,1.0,exc
1631,PVPL,AVAL,1.0,exc
1632,PVPL,AVAR,1.0,exc
1633,PVPL,AVBL,5.0,exc
1634,PVPL,AVBR,6.0,exc
1635,PVPL,AVDR,2.0,exc
1636,PVPL,AVER,1.0,exc
1637,PVPL,AVHR,1.0,exc
1638,PVPL,PVCR,3.0,exc
1639,PVPL,RIGL,2.0,exc
1640,PVPR,ADFR,1.0,exc
1641,PVPR,AQR,2.0,exc
1642,PVPR,ASHR,1.0,exc
1643,PVPR,AVAL,1.0,exc
1644,PVPR,AVAR,2.0,exc
1645,PVPR,AVBL,4.0,exc
1646,PVPR,AVBR,5.0,exc
1647,PVPR,AVHL,3.0,exc
1648,PVPR,AVL,4.0,exc
1649,PVPR,DD2,1.0,exc
1650,PVPR,DVC,1.0,exc
1651,PVPR,PVCL,4.0,exc
1652,PVPR,PVCR,7.0,exc
1653,PVPR,PVQR,1.0,exc
1654,PVPR,RIAR,2.0,exc
1655,PVPR,RIGR,1.0,exc
1656,PVPR,RIMR,1.0,exc
1657,PVPR,RMGR,1.0,exc
1658,PVQL,AIAL,3.0,exc
1659,PVQL,ASJL,1.0,exc
1660,PVQL,ASKL,4.0,exc
1661,PVQL,HSNL,2.0,exc
1662,PVQL,RMGL,1.0,exc
1663,PVQR,AIAR,7.0,exc
1664,PVQR,ASER,1.0,exc
1665,PVQR,ASKR,4.0,exc
1666,PVQR,AVBL,1.0,exc
1667,PVQR,AVFR,1.0,exc
1668,PVQR,AVL,1.0,exc
1669,PVQR,AWAR,2.0,exc
1670,PVQR,DD1,1.0,exc
1671,PVQR,DVC,1.0,exc
1672,PVQR,HSNR,1.0,exc
1673,PVQR,PVT,1.0,exc
1674,PVQR,RIFR,1.0,exc
1675,PVQR,VD1,1.0,exc
1676,PVR,ADAL,1.0,exc
1677,PVR,AS6,1.0,exc
1678,PVR,AVBL,4.0,exc
1679,PVR,AVBR,4.0,exc
1680,PVR,AVJL,3.0,exc
1681,PVR,AVJR,2.0,exc
1682,PVR,AVKL,1.0,exc
1683,PVR,DA9,1.0,exc
1684,PVR,DB2,1.0,exc
1685,PVR,DB3,1.0,exc
1686,PVR,DVA,1.0,exc
1687,PVR,IL1DL,1.0,exc
1688,PVR,IL1DR,1.0,exc
1689,PVR,IL1VL,1.0,exc
1690,PVR,IL1VR,1.0,exc
1691,PVR,PDEL,1.0,exc
1692,PVR,PDER,1.0,exc
1693,PVR,PVCR,1.0,exc
1694,PVR,RIPL,3.0,exc
1695,PVR,RIPR,3.0,exc
1696,PVR,SABD,1.0,exc
1697,PVR,URADL,1.0,exc
1698,PVT,AIBL,2.0,exc
1699,PVT,AIBR,4.0,exc
1700,PVT,AVKL,7.0,exc
1701,PVT,AVKR,7.0,exc
1702,PVT,AVL,2.0,exc
1703,PVT,DVC,2.0,exc
1704,PVT,RIGL,2.0,exc
1705,PVT,RIGR,3.0,exc
1706,PVT,RIH,1.0,exc
1707,PVT,RMEV,1.0,exc
1708,PVT,RMFL,2.0,exc
1709,PVT,RMFR,3.0,exc
1710,PVT,SMBDR,1.0,exc
1711,PVWL,AVJL,1.0,exc
1712,PVWL,PVT,2.0,exc
1713,PVWL,PVWR,1.0,exc
1714,PVWL,VA12,1.0,exc
1715,PVWR,AVAR,1.0,exc
1716,PVWR,AVDR,1.0,exc
1717,PVWR,PVCR,1.0,exc
1718,PVWR,PVT,1.0,exc
1719,PVWR,VA12,1.0,exc
1720,RIAL,CEPVL,1.0,inh
1721,RIAL,RIAR,1.0,inh
1722,RIAL,RIVL,2.0,inh
1723,RIAL,RIVR,4.0,inh
1724,RIAL,RMDDL,12.0,inh
1725,RIAL,RMDDR,7.0,inh
1726,RIAL,RMDL,6.0,inh
1727,RIAL,RMDR,6.0,inh
1728,RIAL,RMDVL,9.0,inh
1729,RIAL,RMDVR,11.0,inh
1730,RIAL,SIADL,2.0,inh
1731,RIAL,SMDDL,8.0,inh
1732,RIAL,SMDDR,10.0,inh
1733,RIAL,SMDVL,6.0,inh
1734,RIAL,SMDVR,11.0,inh
1735,RIAR,CEPVR,1.0,inh
1736,RIAR,IL1R,1.0,inh
1737,RIAR,RIAL,4.0,inh
1738,RIAR,RIVL,1.0,inh
1739,RIAR,RMDDL,10.0,inh
1740,RIAR,RMDDR,11.0,inh
1741,RIAR,RMDL,3.0,inh
1742,RIAR,RMDR,8.0,inh
1743,RIAR,RMDVL,12.0,inh
1744,RIAR,RMDVR,10.0,inh
1745,RIAR,SAADR,1.0,inh
1746,RIAR,SIADL,1.0,inh
1747,RIAR,SIADR,1.0,inh
1748,RIAR,SIAVL,1.0,inh
1749,RIAR,SMDDL,7.0,inh
1750,RIAR,SMDDR,7.0,inh
1751,RIAR,SMDVL,13.0,inh
1752,RIAR,SMDVR,7.0,inh
1753,RIBL,AIBR,2.0,exc
1754,RIBL,AUAL,1.0,exc
1755,RIBL,AVAL,1.0,exc
1756,RIBL,AVBR,1.0,exc
1757,RIBL,AVDR,1.0,exc
1758,RIBL,AVEL,1.0,exc
1759,RIBL,AVER,5.0,exc
1760,RIBL,BAGR,1.0,exc
1761,RIBL,RIAL,3.0,exc
1762,RIBL,SMDVR,2.0,exc
1763,RIBR,AIBL,1.0,exc
1764,RIBR,AIZR,1.0,exc
1765,RIBR,AVAR,2.0,exc
1766,RIBR,AVEL,3.0,exc
1767,RIBR,AVER,1.0,exc
1768,RIBR,BAGL,1.0,exc
1769,RIBR,RIAR,2.0,exc
1770,RIBR,RIGR,1.0,exc
1771,RIBR,RIH,1.0,exc
1772,RIBR,SMDDL,1.0,exc
1773,RICL,ADAR,1.0,exc
1774,RICL,AVAL,5.0,exc
1775,RICL,AVAR,6.0,exc
1776,RICL,AVKR,1.0,exc
1777,RICL,RIML,1.0,exc
1778,RICL,RIMR,3.0,exc
1779,RICL,RIVR,1.0,exc
1780,RICL,RMFR,1.0,exc
1781,RICL,SMBDL,2.0,exc
1782,RICL,SMDDL,3.0,exc
1783,RICL,SMDDR,3.0,exc
1784,RICL,SMDVR,1.0,exc
1785,RICR,ADAR,1.0,exc
1786,RICR,AVAL,5.0,exc
1787,RICR,AVAR,5.0,exc
1788,RICR,SMBDR,1.0,exc
1789,RICR,SMDDL,4.0,exc
1790,RICR,SMDDR,3.0,exc
1791,RICR,SMDVL,2.0,exc
1792,RICR,SMDVR,1.0,exc
1793,RID,AS2,1.0,inh
1794,RID,DA6,3.0,inh
1795,RID,DD1,4.0,inh
1796,RID,DD2,4.0,inh
1797,RID,DD3,3.0,inh
1798,RID,VD13,1.0,inh
1799,RID,VD5,1.0,inh
1800,RIFL,ALML,2.0,exc
1801,RIFL,AVBL,10.0,exc
1802,RIFL,AVBR,1.0,exc
1803,RIFL,AVHR,1.0,exc
1804,RIFL,AVJR,2.0,exc
1805,RIFL,PVPL,3.0,exc
1806,RIFL,RIML,4.0,exc
1807,RIFR,ASHR,2.0,exc
1808,RIFR,AVBL,1.0,exc
1809,RIFR,AVBR,17.0,exc
1810,RIFR,AVFL,1.0,exc
1811,RIFR,AVHL,1.0,exc
1812,RIFR,AVJL,1.0,exc
1813,RIFR,AVJR,2.0,exc
1814,RIFR,HSNR,1.0,exc
1815,RIFR,PVCL,1.0,exc
1816,RIFR,PVCR,1.0,exc
1817,RIFR,PVPR,4.0,exc
1818,RIFR,RIMR,4.0,exc
1819,RIFR,RIPR,1.0,exc
1820,RIGL,AIZR,1.0,exc
1821,RIGL,ALNL,1.0,exc
1822,RIGL,AVEL,1.0,exc
1823,RIGL,AVER,1.0,exc
1824,RIGL,AVKR,2.0,exc
1825,RIGL,BAGR,1.0,exc
1826,RIGL,DVC,1.0,exc
1827,RIGL,RIBL,1.0,exc
1828,RIGL,RIR,2.0,exc
1829,RIGL,RMFL,1.0,exc
1830,RIGL,RMHR,3.0,exc
1831,RIGR,ALNR,1.0,exc
1832,RIGR,AVER,2.0,exc
1833,RIGR,AVKL,4.0,exc
1834,RIGR,AVKR,1.0,exc
1835,RIGR,RIBR,1.0,exc
1836,RIGR,RIR,1.0,exc
1837,RIGR,RMHL,4.0,exc
1838,RIH,ADFR,1.0,exc
1839,RIH,AIZL,4.0,exc
1840,RIH,AIZR,4.0,exc
1841,RIH,AUAR,1.0,exc
1842,RIH,BAGR,1.0,exc
1843,RIH,CEPDL,1.0,exc
1844,RIH,CEPDR,1.0,exc
1845,RIH,CEPVL,1.0,exc
1846,RIH,CEPVR,1.0,exc
1847,RIH,IL2L,2.0,exc
1848,RIH,IL2R,1.0,exc
1849,RIH,OLQDL,2.0,exc
1850,RIH,OLQDR,2.0,exc
1851,RIH,OLQVL,1.0,exc
1852,RIH,OLQVR,6.0,exc
1853,RIH,RIAL,11.0,exc
1854,RIH,RIAR,8.0,exc
1855,RIH,RIBL,5.0,exc
1856,RIH,RIBR,4.0,exc
1857,RIH,RIPL,5.0,exc
1858,RIH,RIPR,3.0,exc
1859,RIH,RMER,2.0,exc
1860,RIH,RMEV,1.0,exc
1861,RIH,URYVR,1.0,exc
1862,RIML,AVAL,1.0,exc
1863,RIML,AVBL,2.0,exc
1864,RIML,AVBR,3.0,exc
1865,RIML,RIBL,1.0,exc
1866,RIML,RMDL,1.0,exc
1867,RIML,RMDR,1.0,exc
1868,RIML,RMFR,1.0,exc
1869,RIML,SAADR,1.0,exc
1870,RIML,SAAVL,3.0,exc
1871,RIML,SAAVR,2.0,exc
1872,RIML,SMDDR,5.0,exc
1873,RIML,SMDVL,1.0,exc
1874,RIMR,ADAR,1.0,exc
1875,RIMR,AIBL,4.0,exc
1876,RIMR,AVAL,2.0,exc
1877,RIMR,AVBL,2.0,exc
1878,RIMR,AVBR,5.0,exc
1879,RIMR,AVJL,1.0,exc
1880,RIMR,AVKL,1.0,exc
1881,RIMR,RIBR,1.0,exc
1882,RIMR,RIS,1.0,exc
1883,RIMR,RMDL,3.0,exc
1884,RIMR,RMDR,1.0,exc
1885,RIMR,RMFL,1.0,exc
1886,RIMR,RMFR,1.0,exc
1887,RIMR,SAAVL,3.0,exc
1888,RIMR,SAAVR,3.0,exc
1889,RIMR,SMDDL,2.0,exc
1890,RIMR,SMDDR,4.0,exc
1891,RIPL,OLQDL,1.0,exc
1892,RIPL,OLQDR,1.0,exc
1893,RIPR,OLQDL,1.0,exc
1894,RIPR,OLQDR,1.0,exc
1895,RIR,AFDR,1.0,exc
1896,RIR,AIZL,3.0,exc
1897,RIR,AIZR,5.0,exc
1898,RIR,AUAL,1.0,exc
1899,RIR,AWBR,1.0,exc
1900,RIR,BAGR,1.0,exc
1901,RIR,DVA,2.0,exc
1902,RIR,HSNL,1.0,exc
1903,RIR,PVPL,1.0,exc
1904,RIR,RIAL,5.0,exc
1905,RIR,RIAR,1.0,exc
1906,RIR,RIGL,1.0,exc
1907,RIR,URXL,5.0,exc
1908,RIR,URXR,1.0,exc
1909,RIS,AVEL,7.0,inh
1910,RIS,AVER,7.0,inh
1911,RIS,AVKL,1.0,inh
1912,RIS,AVKR,4.0,inh
1913,RIS,AVL,2.0,inh
1914,RIS,CEPDR,1.0,inh
1915,RIS,CEPVL,2.0,inh
1916,RIS,CEPVR,1.0,inh
1917,RIS,OLLR,1.0,inh
1918,RIS,RIBL,3.0,inh
1919,RIS,RIBR,5.0,inh
1920,RIS,RIML,1.0,inh
1921,RIS,RIMR,4.0,inh
1922,RIS,RMDDL,1.0,inh
1923,RIS,RMDL,2.0,inh
1924,RIS,RMDR,4.0,inh
1925,RIS,SMDDR,2.0,inh
1926,RIS,SMDVR,1.0,inh
1927,RIS,URYVR,1.0,inh
1928,RIVL,RIAL,1.0,inh
1929,RIVL,RIAR,1.0,inh
1930,RIVL,RMDL,2.0,inh
1931,RIVL,SAADR,3.0,inh
1932,RIVL,SIAVR,2.0,inh
1933,RIVL,SMDDR,1.0,inh
1934,RIVR,RIAL,2.0,inh
1935,RIVR,RIAR,1.0,inh
1936,RIVR,RMDDL,1.0,inh
1937,RIVR,RMDR,1.0,inh
1938,RIVR,RMDVR,1.0,inh
1939,RIVR,RMEV,1.0,inh
1940,RIVR,SAADL,2.0,inh
1941,RIVR,SIAVL,2.0,inh
1942,RIVR,SMDDL,2.0,inh
1943,RIVR,SMDVR,2.0,inh
1944,RMDDL,RMDVR,7.0,exc
1945,RMDDR,RMDVL,12.0,exc
1946,RMDDR,URYDL,1.0,exc
1947,RMDL,OLLR,2.0,exc
1948,RMDL,RIAL,4.0,exc
1949,RMDL,RIAR,3.0,exc
1950,RMDL,RMDDR,1.0,exc
1951,RMDL,RMDR,3.0,exc
1952,RMDL,RMER,1.0,exc
1953,RMDL,RMFL,1.0,exc
1954,RMDR,AVKL,1.0,exc
1955,RMDR,RIAL,3.0,exc
1956,RMDR,RIAR,7.0,exc
1957,RMDR,RIMR,2.0,exc
1958,RMDR,RIS,1.0,exc
1959,RMDR,RMDDL,1.0,exc
1960,RMDR,RMDL,1.0,exc
1961,RMDVL,RMDDR,6.0,exc
1962,RMDVR,RMDDL,4.0,exc
1963,RMDVR,SIBDR,1.0,exc
1964,RMDVR,SIBVR,1.0,exc
1965,RMED,RIBL,1.0,inh
1966,RMED,RIBR,1.0,inh
1967,RMEV,SMDDR,1.0,inh
1968,RMFL,AVKL,4.0,exc
1969,RMFL,AVKR,4.0,exc
1970,RMFL,PVT,1.0,exc
1971,RMFL,RIGR,1.0,exc
1972,RMFL,RMDR,3.0,exc
1973,RMFL,RMGR,1.0,exc
1974,RMFR,AVKL,3.0,exc
1975,RMFR,AVKR,3.0,exc
1976,RMFR,RMDL,2.0,exc
1977,RMGL,ADAL,1.0,exc
1978,RMGL,AIBR,1.0,exc
1979,RMGL,ALML,1.0,exc
1980,RMGL,ALNL,1.0,exc
1981,RMGL,ASHL,1.0,exc
1982,RMGL,AVAL,1.0,exc
1983,RMGL,AVBR,2.0,exc
1984,RMGL,AVEL,2.0,exc
1985,RMGL,CEPDL,1.0,exc
1986,RMGL,RID,1.0,exc
1987,RMGL,RMDL,1.0,exc
1988,RMGL,RMDR,3.0,exc
1989,RMGL,RMDVL,3.0,exc
1990,RMGL,RMHR,1.0,exc
1991,RMGL,SIAVL,1.0,exc
1992,RMGL,SIBVL,2.0,exc
1993,RMGL,SIBVR,1.0,exc
1994,RMGL,SMBVL,1.0,exc
1995,RMGL,URXL,1.0,exc
1996,RMGR,ADAR,1.0,exc
1997,RMGR,AIMR,1.0,exc
1998,RMGR,ALNR,1.0,exc
1999,RMGR,ASHR,1.0,exc
2000,RMGR,AVAR,1.0,exc
2001,RMGR,AVBR,1.0,exc
2002,RMGR,AVDL,1.0,exc
2003,RMGR,AVER,3.0,exc
2004,RMGR,AVJL,1.0,exc
2005,RMGR,RIR,1.0,exc
2006,RMGR,RMDL,4.0,exc
2007,RMGR,RMDR,2.0,exc
2008,RMGR,RMDVR,5.0,exc
2009,RMGR,URXR,1.0,exc
2010,RMHL,RMDR,1.0,exc
2011,RMHR,RMER,1.0,exc
2012,RMHR,RMGL,1.0,exc
2013,SAADL,AIBL,1.0,exc
2014,SAADL,AVAL,6.0,exc
2015,SAADL,RIML,3.0,exc
2016,SAADL,RIMR,6.0,exc
2017,SAADL,RMGR,1.0,exc
2018,SAADR,AIBR,1.0,exc
2019,SAADR,AVAR,3.0,exc
2020,SAADR,OLLL,1.0,exc
2021,SAADR,RIML,4.0,exc
2022,SAADR,RIMR,5.0,exc
2023,SAADR,RMFL,1.0,exc
2024,SAADR,RMGL,1.0,exc
2025,SAAVL,AIBL,1.0,exc
2026,SAAVL,ALNL,1.0,exc
2027,SAAVL,AVAL,17.0,exc
2028,SAAVL,OLLR,1.0,exc
2029,SAAVL,RIML,2.0,exc
2030,SAAVL,RIMR,12.0,exc
2031,SAAVL,RMFR,2.0,exc
2032,SAAVL,SMDDR,8.0,exc
2033,SAAVR,AVAR,13.0,exc
2034,SAAVR,RIML,5.0,exc
2035,SAAVR,RIMR,2.0,exc
2036,SAAVR,SMDDL,6.0,exc
2037,SABD,VA2,1.0,exc
2038,SDQL,AIBR,1.0,exc
2039,SDQL,ALML,1.0,exc
2040,SDQL,AVAL,1.0,exc
2041,SDQL,AVAR,3.0,exc
2042,SDQL,AVEL,1.0,exc
2043,SDQL,FLPL,1.0,exc
2044,SDQL,RICR,1.0,exc
2045,SDQL,RIS,3.0,exc
2046,SDQL,RMFL,1.0,exc
2047,SDQR,ADLL,1.0,exc
2048,SDQR,AIBL,2.0,exc
2049,SDQR,AVAL,2.0,exc
2050,SDQR,AVBL,6.0,exc
2051,SDQR,AVBR,4.0,exc
2052,SDQR,DVA,3.0,exc
2053,SDQR,RICR,1.0,exc
2054,SDQR,RMHL,2.0,exc
2055,SDQR,RMHR,1.0,exc
2056,SMBDL,AVAR,1.0,exc
2057,SMBDL,RMED,3.0,exc
2058,SMBDL,SAAVR,1.0,exc
2059,SMBDR,AVAL,1.0,exc
2060,SMBDR,RMED,4.0,exc
2061,SMBDR,SAAVL,3.0,exc
2062,SMBVL,PLNL,1.0,exc
2063,SMBVL,RMEV,5.0,exc
2064,SMBVL,SAADL,3.0,exc
2065,SMBVR,RMEV,3.0,exc
2066,SMBVR,SAADR,4.0,exc
2067,SMDDL,RIAL,1.0,exc
2068,SMDDL,RIAR,1.0,exc
2069,SMDDL,SMDVR,2.0,exc
2070,SMDDR,RIAL,2.0,exc
2071,SMDDR,RIAR,1.0,exc
2072,SMDVL,PVR,1.0,exc
2073,SMDVL,RIAL,3.0,exc
2074,SMDVL,RIAR,8.0,exc
2075,SMDVL,RIVL,1.0,exc
2076,SMDVL,RMDDR,1.0,exc
2077,SMDVL,SMDDR,4.0,exc
2078,SMDVR,RIAL,7.0,exc
2079,SMDVR,RIAR,5.0,exc
2080,SMDVR,RIVR,1.0,exc
2081,SMDVR,RMDDL,1.0,exc
2082,SMDVR,SMDDL,2.0,exc
2083,URADL,IL1DL,2.0,exc
2084,URADL,RIPL,3.0,exc
2085,URADL,RMEL,1.0,exc
2086,URADR,IL1DR,1.0,exc
2087,URADR,RIPR,3.0,exc
2088,URADR,RMDVR,1.0,exc
2089,URADR,RMED,1.0,exc
2090,URADR,RMER,1.0,exc
2091,URADR,URYDR,1.0,exc
2092,URAVL,RIPL,3.0,exc
2093,URAVL,RMEL,1.0,exc
2094,URAVL,RMER,1.0,exc
2095,URAVL,RMEV,2.0,exc
2096,URAVR,IL1R,1.0,exc
2097,URAVR,RIPR,3.0,exc
2098,URAVR,RMDVL,1.0,exc
2099,URAVR,RMER,2.0,exc
2100,URAVR,RMEV,2.0,exc
2101,URBL,AVBL,1.0,exc
2102,URBL,CEPDL,1.0,exc
2103,URBL,IL1L,1.0,exc
2104,URBL,RICR,1.0,exc
2105,URBL,RMDDR,1.0,exc
2106,URBL,SIAVL,1.0,exc
2107,URBL,SMBDR,1.0,exc
2108,URBL,URXL,2.0,exc
2109,URBR,ADAR,1.0,exc
2110,URBR,AVBR,1.0,exc
2111,URBR,CEPDR,1.0,exc
2112,URBR,IL1R,3.0,exc
2113,URBR,IL2R,1.0,exc
2114,URBR,RICR,1.0,exc
2115,URBR,RMDL,1.0,exc
2116,URBR,RMDR,1.0,exc
2117,URBR,SIAVR,2.0,exc
2118,URBR,SMBDL,1.0,exc
2119,URBR,URXR,6.0,exc
2120,URXL,ASHL,1.0,exc
2121,URXL,AUAL,5.0,exc
2122,URXL,AVBL,1.0,exc
2123,URXL,AVEL,4.0,exc
2124,URXL,AVJR,1.0,exc
2125,URXL,RIAL,8.0,exc
2126,URXL,RICL,1.0,exc
2127,URXL,RIGL,3.0,exc
2128,URXL,RMGL,2.0,exc
2129,URXR,AUAR,4.0,exc
2130,URXR,AVBL,1.0,exc
2131,URXR,AVBR,2.0,exc
2132,URXR,AVER,2.0,exc
2133,URXR,OLQVR,1.0,exc
2134,URXR,RIAR,3.0,exc
2135,URXR,RIGR,2.0,exc
2136,URXR,RIPR,3.0,exc
2137,URXR,RMDR,1.0,exc
2138,URXR,RMGR,1.0,exc
2139,URXR,SIAVR,1.0,exc
2140,URYDL,AVER,2.0,exc
2141,URYDL,RIBL,1.0,exc
2142,URYDL,RMDDR,4.0,exc
2143,URYDL,RMDVL,6.0,exc
2144,URYDL,SMDDL,1.0,exc
2145,URYDL,SMDDR,1.0,exc
2146,URYDR,AVEL,2.0,exc
2147,URYDR,AVER,2.0,exc
2148,URYDR,RIBR,1.0,exc
2149,URYDR,RMDDL,3.0,exc
2150,URYDR,RMDVR,5.0,exc
2151,URYDR,SMDDL,4.0,exc
2152,URYVL,AVBR,1.0,exc
2153,URYVL,AVER,5.0,exc
2154,URYVL,IL1VL,1.0,exc
2155,URYVL,RIAL,1.0,exc
2156,URYVL,RIBL,2.0,exc
2157,URYVL,RIH,1.0,exc
2158,URYVL,RIS,1.0,exc
2159,URYVL,RMDDL,4.0,exc
2160,URYVL,RMDVR,2.0,exc
2161,URYVL,SIBVR,1.0,exc
2162,URYVL,SMDVR,4.0,exc
2163,URYVR,AVAL,1.0,exc
2164,URYVR,AVEL,6.0,exc
2165,URYVR,IL1VR,1.0,exc
2166,URYVR,RIAR,1.0,exc
2167,URYVR,RIBR,1.0,exc
2168,URYVR,RMDDR,6.0,exc
2169,URYVR,RMDVL,4.0,exc
2170,URYVR,SIBDR,1.0,exc
2171,URYVR,SIBVL,1.0,exc
2172,URYVR,SMDVL,3.0,exc
2173,VA1,DD1,9.0,exc
2174,VA1,VD1,2.0,exc
2175,VA11,DD6,10.0,exc
2176,VA11,PVNR,2.0,exc
2177,VA11,VB10,1.0,exc
2178,VA11,VD12,4.0,exc
2179,VA12,AS11,2.0,exc
2180,VA12,DA8,3.0,exc
2181,VA12,DA9,5.0,exc
2182,VA12,DB7,4.0,exc
2183,VA12,DD6,2.0,exc
2184,VA12,LUAL,2.0,exc
2185,VA12,PVCL,2.0,exc
2186,VA12,PVCR,3.0,exc
2187,VA12,VA11,1.0,exc
2188,VA12,VD12,3.0,exc
2189,VA12,VD13,11.0,exc
2190,VA2,AVAL,1.0,exc
2191,VA2,DD1,13.0,exc
2192,VA2,VA3,2.0,exc
2193,VA2,VB1,2.0,exc
2194,VA2,VD1,2.0,exc
2195,VA2,VD2,8.0,exc
2196,VA3,DD1,18.0,exc
2197,VA3,DD2,11.0,exc
2198,VA3,VA4,1.0,exc
2199,VA3,VD2,3.0,exc
2200,VA3,VD3,3.0,exc
2201,VA4,AVDL,1.0,exc
2202,VA4,DD2,21.0,exc
2203,VA4,VB3,2.0,exc
2204,VA4,VD4,3.0,exc
2205,VA5,DD2,5.0,exc
2206,VA5,DD3,13.0,exc
2207,VA5,VD5,2.0,exc
2208,VA6,DD3,24.0,exc
2209,VA6,VB5,2.0,exc
2210,VA6,VD5,1.0,exc
2211,VA6,VD6,2.0,exc
2212,VA7,DD3,3.0,exc
2213,VA7,DD4,12.0,exc
2214,VA7,VD7,9.0,exc
2215,VA8,DD4,21.0,exc
2216,VA8,VA9,1.0,exc
2217,VA8,VB6,1.0,exc
2218,VA8,VB8,1.0,exc
2219,VA8,VD7,5.0,exc
2220,VA8,VD8,5.0,exc
2221,VA9,DD4,3.0,exc
2222,VA9,DD5,15.0,exc
2223,VA9,PVT,1.0,exc
2224,VA9,VB8,6.0,exc
2225,VA9,VD9,10.0,exc
2226,VB1,AIBR,1.0,exc
2227,VB1,DD1,1.0,exc
2228,VB1,DVA,1.0,exc
2229,VB1,RIML,2.0,exc
2230,VB1,RMFL,2.0,exc
2231,VB1,SAADL,9.0,exc
2232,VB1,SAADR,2.0,exc
2233,VB1,SABD,1.0,exc
2234,VB1,VA1,3.0,exc
2235,VB1,VA3,1.0,exc
2236,VB1,VD1,3.0,exc
2237,VB1,VD2,1.0,exc
2238,VB10,DD6,9.0,exc
2239,VB10,PVT,1.0,exc
2240,VB10,VD11,1.0,exc
2241,VB10,VD12,2.0,exc
2242,VB11,DD6,7.0,exc
2243,VB11,PVCR,1.0,exc
2244,VB11,VA12,1.0,exc
2245,VB2,DD1,20.0,exc
2246,VB2,DD2,1.0,exc
2247,VB2,VA2,1.0,exc
2248,VB2,VC2,1.0,exc
2249,VB2,VD2,9.0,exc
2250,VB2,VD3,3.0,exc
2251,VB3,DD2,37.0,exc
2252,VB3,VA4,1.0,exc
2253,VB4,DD2,6.0,exc
2254,VB4,DD3,16.0,exc
2255,VB5,DD3,27.0,exc
2256,VB5,VD6,7.0,exc
2257,VB6,DD4,30.0,exc
2258,VB6,VA8,1.0,exc
2259,VB6,VB7,1.0,exc
2260,VB6,VD6,1.0,exc
2261,VB6,VD7,8.0,exc
2262,VB7,DD4,2.0,exc
2263,VB8,DD5,30.0,exc
2264,VB8,VA9,9.0,exc
2265,VB8,VB9,3.0,exc
2266,VB8,VD10,1.0,exc
2267,VB8,VD9,10.0,exc
2268,VB9,DD5,8.0,exc
2269,VB9,VB8,1.0,exc
2270,VB9,VD10,5.0,exc
2271,VC1,AVL,2.0,exc
2272,VC1,DD1,7.0,exc
2273,VC1,DD2,6.0,exc
2274,VC1,DD3,6.0,exc
2275,VC1,DVC,1.0,exc
2276,VC1,PVT,2.0,exc
2277,VC1,VC2,3.0,exc
2278,VC1,VC3,1.0,exc
